,ARTG ID,Search String,Product name,Active ingredients,Sponsor name,Start Date,Dosage Form,Route of Administration,Effective Date,Status,Ingredient 1,Ingredient 1 strength,Ingredient 2,Ingredient 2 strength,Ingredient 3,Ingredient 3 strength
4,296381,"abacavir, lamivudine",ABACAVIR/LAMIVUDINE 600/300 SUN abacavir 600 mg / lamivudine 300 mg tablets bottle,"abacavir sulfate,lamivudine",Sun Pharma ANZ Pty Ltd,5/09/2018,"Tablet, film coated",Oral ,5/09/2018,Active,abacavir sulfate,702.78mg,lamivudine,"600/300, 300mg",,
5,296380,"abacavir, lamivudine",ABACAVIR/LAMIVUDINE 600/300 SUN abacavir 600 mg / lamivudine 300 mg tablets blister pack,"abacavir sulfate,lamivudine",Sun Pharma ANZ Pty Ltd,5/09/2018,"Tablet, film coated",Oral ,5/09/2018,Active,abacavir sulfate,702.78mg,lamivudine,"600/300, 300mg",,
6,281029,"abacavir, lamivudine",ABACAVIR/LAMIVUDINE GENERICHEALTH 600/300 abacavir (as hydrochloride) 600 mg and lamivudine 300 mg film-coated tablet bottle pack,"abacavir hydrochloride monohydrate,lamivudine",Lupin Australia Pty Limited,6/10/2017,"Tablet, film coated",Oral ,17/10/2019,Active,abacavir hydrochloride monohydrate,714.162mg,lamivudine,"300, 300mg, G",,
7,281028,"abacavir, lamivudine",ABACAVIR/LAMIVUDINE GENERICHEALTH 600/300 abacavir (as hydrochloride) 600 mg and lamivudine 300 mg film-coated tablet blister pack,"abacavir hydrochloride monohydrate,lamivudine",Lupin Australia Pty Limited,6/10/2017,"Tablet, film coated",Oral ,17/10/2019,Active,abacavir hydrochloride monohydrate,714.162mg,lamivudine,"300, 300mg, G",,
8,281027,"abacavir, lamivudine",ABACAVIR/LAMIVUDINE GH 600/300 abacavir (as hydrochloride) 600 mg and lamivudine 300 mg film-coated tablet bottle pack,"abacavir hydrochloride monohydrate,lamivudine",Lupin Australia Pty Limited,6/10/2017,"Tablet, film coated",Oral ,17/10/2019,Active,abacavir hydrochloride monohydrate,714.162mg,lamivudine,"300mg, G",,
9,281026,"abacavir, lamivudine",ABACAVIR/LAMIVUDINE GH 600/300 abacavir (as hydrochloride) 600 mg and lamivudine 300 mg film-coated tablet blister pack,"abacavir hydrochloride monohydrate,lamivudine",Lupin Australia Pty Limited,6/10/2017,"Tablet, film coated",Oral ,17/10/2019,Active,abacavir hydrochloride monohydrate,714.162mg,lamivudine,"300mg, G",,
10,281025,"abacavir, lamivudine",ABACAVIR/LAMIVUDINE LAPL 600/300 abacavir (as hydrochloride) 600 mg and lamivudine 300 mg film-coated tablet bottle pack,"abacavir hydrochloride monohydrate,lamivudine",Lupin Australia Pty Limited,6/10/2017,"Tablet, film coated",Oral ,17/10/2019,Active,abacavir hydrochloride monohydrate,714.162mg,lamivudine,"L, 300mg",,
11,281024,"abacavir, lamivudine",ABACAVIR/LAMIVUDINE LAPL 600/300 abacavir (as hydrochloride) 600 mg and lamivudine 300 mg film-coated tablet blister pack,"abacavir hydrochloride monohydrate,lamivudine",Lupin Australia Pty Limited,6/10/2017,"Tablet, film coated",Oral ,17/10/2019,Active,abacavir hydrochloride monohydrate,714.162mg,lamivudine,"L, 300mg",,
12,281023,"abacavir, lamivudine",ABACAVIR/LAMIVUDINE LUPIN 600/300 abacavir (as hydrochloride) 600 mg and lamivudine 300 mg film-coated tablet bottle pack,"abacavir hydrochloride monohydrate,lamivudine",Lupin Australia Pty Limited,6/10/2017,"Tablet, film coated",Oral ,17/10/2019,Active,abacavir hydrochloride monohydrate,714.162mg,lamivudine,"L, 300mg",,
13,281022,"abacavir, lamivudine",ABACAVIR/LAMIVUDINE LUPIN 600/300 abacavir (as hydrochloride) 600 mg and lamivudine 300 mg film-coated tablet blister pack,"abacavir hydrochloride monohydrate,lamivudine",Lupin Australia Pty Limited,6/10/2017,"Tablet, film coated",Oral ,17/10/2019,Active,abacavir hydrochloride monohydrate,714.162mg,lamivudine,"L, 300mg",,
14,266516,"abacavir, lamivudine",ABACAVIR/LAMIVUDINE MYLAN abacavir (as sulfate)/lamivudine 600 mg/300 mg film-coated tablet blister pack,"abacavir sulfate,lamivudine",Alphapharm Pty Ltd,17/11/2017,"Tablet, film coated",Oral ,16/09/2020,Active,abacavir sulfate,702.78mg,lamivudine,"600mg/300, M, 300mg",,
15,266515,"abacavir, lamivudine",ABACAVIR/LAMIVUDINE MYLAN abacavir (as sulfate)/lamivudine 600 mg/300 mg film-coated tablet bottle,"abacavir sulfate,lamivudine",Alphapharm Pty Ltd,17/11/2017,"Tablet, film coated",Oral ,16/09/2020,Active,abacavir sulfate,702.78mg,lamivudine,"600mg/300, M, 300mg",,
16,239757,"abacavir, lamivudine",ABACAVIR/LAMIVUDINE 600/300 APOTEX abacavir 600mg (as sulfate) and lamivudine 300mg tablets bottle,"abacavir sulfate,lamivudine",Apotex Pty Ltd,3/08/2016,"Tablet, film coated",Oral ,20/11/2019,Active,abacavir sulfate,702.76mg,lamivudine,"600/300, 300mg",,
17,239756,"abacavir, lamivudine",APO-ABACAVIR/LAMIVUDINE 600/300 abacavir 600mg (as sulfate) and lamivudine 300mg tablets bottle,"abacavir sulfate,lamivudine",Apotex Pty Ltd,3/08/2016,"Tablet, film coated",Oral ,20/11/2019,Active,abacavir sulfate,702.76mg,lamivudine,"600/300, 300mg",,
18,239755,"abacavir, lamivudine",APO-ABACAVIR/LAMIVUDINE 600/300 abacavir 600mg (as sulfate) and lamivudine 300mg tablets blister pack,"abacavir sulfate,lamivudine",Apotex Pty Ltd,3/08/2016,"Tablet, film coated",Oral ,20/11/2019,Active,abacavir sulfate,702.76mg,lamivudine,"600/300, 300mg",,
19,239754,"abacavir, lamivudine",GenRx Abacavir/Lamivudine 600/300 abacavir 600mg (as sulfate) and lamivudine 300mg tablets blister pack,"abacavir sulfate,lamivudine",Apotex Pty Ltd,3/08/2016,"Tablet, film coated",Oral ,20/11/2019,Active,abacavir sulfate,702.76mg,lamivudine,"600/300, 300mg",,
20,239752,"abacavir, lamivudine",GenRx ABACAVIR/LAMIVUDINE 600/300 abacavir 600mg (as sulfate) and lamivudine 300mg tablets bottle,"abacavir sulfate,lamivudine",Apotex Pty Ltd,3/08/2016,"Tablet, film coated",Oral ,20/11/2019,Active,abacavir sulfate,702.76mg,lamivudine,"600/300, 300mg",,
31,66117,aciclovir,PFIZER (PERTH) ACICLOVIR INTRAVENOUS INFUSION aciclovir 500mg/20mL injection ampoule,aciclovir,Pfizer Australia Pty Ltd,8/10/1998,"Injection, solution",,16/02/2021,Active,aciclovir,"500mg, 500mg/20mL",,,,
32,66116,aciclovir,PFIZER (Australia) ACICLOVIR INTRAVENOUS INFUSION aciclovir 250mg/10mL injection ampoule,aciclovir,Pfizer Australia Pty Ltd,8/10/1998,"Injection, solution",Intravenous ,16/02/2021,Active,aciclovir,"250mg, 250mg/10mL",,,,
33,66076,aciclovir,ACIVIR 5% CREAM aciclovir 5% w/w tube,aciclovir,Cipla Australia Pty Ltd,14/10/1998,Cream,Topical ,5/08/2019,Active,aciclovir,"50mg/g, 5",,,,
34,64689,aciclovir,ZOLATEN aciclovir 5% cold sore cream tube,aciclovir,Arrow Pharma Pty Ltd,10/08/1998,Cream,Topical ,20/10/2009,Active,aciclovir,"50mg/g, 5",,,,
40,56810,aciclovir,DBL Aciclovir 500mg/20mL Intravenous infusion injection vial,aciclovir,Pfizer Australia Pty Ltd,19/08/1996,"Injection, solution",Intravenous Infusion ,1/03/2021,Active,aciclovir,"25mg/mL, 500mg/20mL",,,,
41,56809,aciclovir,DBL Aciclovir 250mg/10mL Intravenous infusion injection vial,aciclovir,Pfizer Australia Pty Ltd,19/08/1996,"Injection, solution",Intravenous Infusion ,1/03/2021,Active,aciclovir,"25mg/mL, 250mg/10mL",,,,
48,337712,aciclovir,APOHEALTH COLD SORE CREAM aciclovir 5% w/w tube (new formulation),aciclovir,Arrow Pharma Pty Ltd,11/06/2020,Cream,Topical ,16/03/2021,Active,aciclovir,"50mg/g, 5",,,,
49,324902,aciclovir,ViruPOS aciclovir 30 mg/g eye ointment tube,aciclovir,AFT Pharmaceuticals Pty Ltd,11/02/2021,Eye Ointment,Ophthalmic ,1/03/2021,Active,aciclovir,".135g, 30mg/g",,,,
50,319440,aciclovir,XOROX aciclovir 30 mg/g eye ointment tube,aciclovir,Agepha Pharma Pty Ltd,21/09/2020,Eye Ointment,Ophthalmic ,6/11/2020,Active,aciclovir,".135g, 30mg/g",,,,
51,319358,aciclovir,OPICLOVIR CREAM 5% aciclovir 5% w/w tube,aciclovir,Cipla Australia Pty Ltd,27/06/2019,Cream,Topical ,5/08/2019,Active,aciclovir,"50mg/g, 5",,,,
53,313549,aciclovir,ACICLOVIR ACCORD aciclovir 500 mg/20 mL injection vial,aciclovir,Accord Healthcare Pty Ltd,17/06/2020,"Injection, solution",Intravenous Infusion ,17/06/2020,Active,aciclovir,"500mg/20, 25mg/mL",,,,
54,313548,aciclovir,ACICLOVIR INTAS aciclovir 1000 mg/40 mL injection vial,aciclovir,Accord Healthcare Pty Ltd,17/06/2020,"Injection, solution",Intravenous Infusion ,17/06/2020,Active,aciclovir,"1000mg/40, 25mg/mL",,,,
55,313547,aciclovir,ACICLOVIR ACCORD aciclovir 1000 mg/40 mL injection vial,aciclovir,Accord Healthcare Pty Ltd,17/06/2020,"Injection, solution",Intravenous Infusion ,17/06/2020,Active,aciclovir,"1000mg/40, 25mg/mL",,,,
56,313546,aciclovir,ACICLOVIR ACCORD aciclovir 250 mg/10 mL injection vial,aciclovir,Accord Healthcare Pty Ltd,17/06/2020,"Injection, solution",Intravenous Infusion ,17/06/2020,Active,aciclovir,"250mg/10, 25mg/mL",,,,
57,313545,aciclovir,ACICLOVIR INTAS aciclovir 250 mg/10 mL injection vial,aciclovir,Accord Healthcare Pty Ltd,17/06/2020,"Injection, solution",Intravenous Infusion ,17/06/2020,Active,aciclovir,"250mg/10, 25mg/mL",,,,
58,313544,aciclovir,ACICLOVIR INTAS aciclovir 500 mg/20 mL injection vial,aciclovir,Accord Healthcare Pty Ltd,17/06/2020,"Injection, solution",Intravenous Infusion ,17/06/2020,Active,aciclovir,"500mg/20, 25mg/mL",,,,
59,313088,aciclovir,"""CHEMISTS OWN COLD SORE RELIEF CREAM aciclovir 5% w/w tube""",aciclovir,Arrow Pharma Pty Ltd,9/01/2019,Cream,Topical ,16/03/2021,Active,aciclovir,"50mg/g, 5",,,,
60,309839,aciclovir,TERRYWHITE CHEMMART COLD SORE CREAM aciclovir 5% w/w tube,aciclovir,Cipla Australia Pty Ltd,27/09/2018,Cream,Topical ,21/01/2020,Active,aciclovir,"50mg/g, 5",,,,
63,229066,aciclovir,PHARMACY CARE COLD SORE CREAM aciclovir 5% w/w cream tube,aciclovir,Cipla Australia Pty Ltd,10/10/2014,Cream,Topical ,30/01/2020,Active,aciclovir,"50mg/g, 5",,,,
64,229065,aciclovir,AMCAL COLD SORE CREAM aciclovir 5% w/w cream tube,aciclovir,Cipla Australia Pty Ltd,10/10/2014,Cream,Topical ,30/01/2020,Active,aciclovir,"50mg/g, 5",,,,
65,227474,aciclovir,APOHEALTH COLD SORE CREAM aciclovir 5% w/w cream tube,aciclovir,Cipla Australia Pty Ltd,1/09/2014,Cream,Topical ,11/11/2020,Active,aciclovir,"50mg/g, 5",,,,
66,205114,aciclovir,TRUST COLD SORE CREAM aciclovir 5% cream tube,aciclovir,Pharmacor Pty Ltd,22/01/2013,Cream,Topical ,23/03/2020,Active,aciclovir,"50mg/g, 5",,,,
79,198682,aciclovir,PHARMACY HEALTH COLD SORE CREAM aciclovir 5% cream tube,aciclovir,Cipla Australia Pty Ltd,22/06/2012,Cream,Topical ,30/01/2020,Active,aciclovir,"50mg/g, 5",,,,
80,198681,aciclovir,PRICELINE COLD SORE CREAM aciclovir 5% tube,aciclovir,Cipla Australia Pty Ltd,22/06/2012,Cream,Topical ,3/02/2020,Active,aciclovir,"50mg/g, 5",,,,
81,197679,aciclovir,DISCOUNT DRUG STORES COLD SORE CREAM aciclovir 5% cream tube,aciclovir,Apotex Pty Ltd,21/05/2012,Cream,Topical ,16/10/2019,Active,aciclovir,"50mg/g, 5",,,,
82,194405,aciclovir,Pharmacy Action Cold Sore Cream aciclovir 5% tube,aciclovir,Cipla Australia Pty Ltd,7/02/2012,Cream,Topical ,11/02/2020,Active,aciclovir,"50mg/g, 5",,,,
83,183862,aciclovir,ACICLOVIR GH,aciclovir,Sun Pharma ANZ Pty Ltd,9/08/2011,"Tablet, uncoated",Oral ,5/02/2020,Active,aciclovir,"G, 800mg",,,,
84,183861,aciclovir,ACICLOVIR GH,aciclovir,Sun Pharma ANZ Pty Ltd,9/08/2011,"Tablet, uncoated",Oral ,5/02/2020,Active,aciclovir,"400mg, G",,,,
85,183860,aciclovir,ACICLOVIR GH,aciclovir,Sun Pharma ANZ Pty Ltd,9/08/2011,"Tablet, uncoated",Oral ,5/02/2020,Active,aciclovir,"200mg, G",,,,
93,161228,aciclovir,PHARMACY CHOICE ACICLOVIR COLD SORE CREAM aciclovir 5% w/w cream tube,aciclovir,Cipla Australia Pty Ltd,21/04/2009,Cream,Topical ,15/04/2020,Active,aciclovir,"50mg/g, 5",,,,
96,150427,aciclovir,BLOOMS THE CHEMIST COLD SORE CREAM aciclovir 5% w/w cream tube,aciclovir,Cipla Australia Pty Ltd,27/02/2008,Cream,Topical ,11/11/2020,Active,aciclovir,"50mg/g, 5",,,,
97,150099,aciclovir,ZOVIRAX aciclovir 5% w/w cream bottle (reformulation),aciclovir,GlaxoSmithKline Consumer Healthcare Australia Pty Ltd,13/02/2008,Cream,Topical ,23/01/2018,Active,aciclovir,"50mg/g, 5",,,,
98,150098,aciclovir,ZOVIRAX aciclovir 5% w/w cream tube (reformulation 2),aciclovir,GlaxoSmithKline Consumer Healthcare Australia Pty Ltd,13/02/2008,Cream,Topical ,23/01/2018,Active,aciclovir,"50mg/g, 5",,,,
100,123862,aciclovir,BLISTEX ANTIVIRAL COLD SORE CREAM aciclovir 5% tube (New formulation),aciclovir,Key Pharmaceuticals Pty Ltd,30/11/2005,Cream,Topical ,19/05/2020,Active,aciclovir,"50mg/g, 5",,,,
104,120500,aciclovir,EASE A COLD COLD SORE CREAM aciclovir 5% w/w tube,aciclovir,Pharmacare Laboratories Pty Ltd,13/07/2005,Cream,Topical ,13/07/2005,Active,aciclovir,"50mg/g, 5",,,,
109,106588,aciclovir,CHEMISTS OWN COLD SORE CREAM aciclovir 5% w/w tube,aciclovir,Arrow Pharma Pty Ltd,28/07/2004,Cream,Topical ,17/08/2016,Active,aciclovir,"50mg/g, 5",,,,
110,97505,albendazole,ESKAZOLE albendazole 400mg chewable tablet,albendazole,Aspen Pharmacare Australia Pty Ltd,9/10/2003,"Tablet, chewable",Oral ,26/03/2021,Active,albendazole,"m, 400mg",,,,
111,97504,albendazole,ESKAZOLE albendazole 400mg chewable tablet,albendazole,Aspen Pharmacare Australia Pty Ltd,9/10/2003,"Tablet, chewable",Oral ,26/03/2021,Active,albendazole,"m, 400mg",,,,
114,49945,amikacin,DBL AMIKACIN 500mg/2mL injection,amikacin,Pfizer Australia Pty Ltd,1/09/1994,"Injection, solution",Intramuscular ,26/02/2021,Active,amikacin,"500mg, 500mg/2mL, .",,,,
119,262736,amikacin,AMIKACIN AJS amikacin (as sulfate) 500 mg/2mL solution for injection ampoule,amikacin,Southern XP IP Pty Ltd,7/02/2017,"Injection, solution",Intravenous ,8/11/2019,Active,amikacin,"500mg, .",,,,
120,262735,amikacin,AMIKACIN RMB amikacin (as sulfate) 500 mg/2mL solution for injection ampoule,amikacin,Southern XP IP Pty Ltd,7/02/2017,"Injection, solution",Intravenous ,8/11/2019,Active,amikacin,"500mg, .",,,,
121,262734,amikacin,AMIKACIN SXP amikacin (as sulfate) 500 mg/2mL solution for injection ampoule,amikacin,Southern XP IP Pty Ltd,7/02/2017,"Injection, solution",Intramuscular ,8/11/2019,Active,amikacin,"500mg, .",,,,
123,93722,amoxicillin,MAXAMOX amoxicillin trihydrate 500mg/5mLpowder for oral suspension bottle,amoxicillin trihydrate,Sandoz Pty Ltd,22/07/2003,"Oral Liquid, powder for",Oral ,9/04/2021,Active,amoxicillin trihydrate,"500mg/5mL, 114.82mg/mL",,,,
124,93721,amoxicillin,AMOXYCILLIN SANDOZ amoxicillin trihydrate 125mg/5mL powder for oral suspension bottle,amoxicillin trihydrate,Sandoz Pty Ltd,22/07/2003,"Oral Liquid, powder for",Oral ,9/04/2021,Active,amoxicillin trihydrate,"28.77mg/mL, 125mg/5mL",,,,
125,93720,amoxicillin,AMOXYCILLIN SANDOZ amoxicillin trihydrate 250mg/5mL powder for oral suspension bottle,amoxicillin trihydrate,Sandoz Pty Ltd,22/07/2003,"Oral Liquid, powder for",Oral ,9/04/2021,Active,amoxicillin trihydrate,"57.4mg/mL, 250mg/5mL",,,,
138,303432,amoxicillin,AMOXICILLIN MLPL amoxicillin trihydrate 250 mg/5 mL powder for oral suspension bottle pack,amoxicillin trihydrate,Micro Labs Pty Ltd,8/04/2019,"Suspension, powder for",Oral ,8/04/2019,Active,amoxicillin trihydrate,"57.4mg/mL, 250mg/5",,,,
139,303431,amoxicillin,AMOXICILLIN MLPL amoxicillin (as trihydrate) 125 mg/5 mL powder for oral suspension bottle pack,amoxicillin trihydrate,Micro Labs Pty Ltd,8/04/2019,"Suspension, powder for",Oral ,8/04/2019,Active,amoxicillin trihydrate,"125mg/5, 28.7mg/mL",,,,
140,303430,amoxicillin,AMOXICILLIN B&B amoxicillin (as trihydrate) 250 mg/5 mL powder for oral suspension bottle pack,amoxicillin trihydrate,Micro Labs Pty Ltd,8/04/2019,"Suspension, powder for",Oral ,8/04/2019,Active,amoxicillin trihydrate,"57.4mg/mL, 250mg/5",,,,
141,303429,amoxicillin,AMOXICILLIN B&B amoxicillin (as trihydrate) 125 mg/5 mL powder for oral suspension bottle pack,amoxicillin trihydrate,Micro Labs Pty Ltd,8/04/2019,"Suspension, powder for",Oral ,8/04/2019,Active,amoxicillin trihydrate,"125mg/5, 28.7mg/mL",,,,
142,303428,amoxicillin,AMOXICILLIN MLABS amoxicillin (as trihydrate) 250 mg/5 mL powder for oral suspension bottle pack,amoxicillin trihydrate,Micro Labs Pty Ltd,8/04/2019,"Suspension, powder for",Oral ,8/04/2019,Active,amoxicillin trihydrate,"57.4mg/mL, 250mg/5",,,,
143,303427,amoxicillin,AMOXICILLIN MLABS amoxicillin (as trihydrate) 125 mg/5 mL powder for oral suspension bottle pack,amoxicillin trihydrate,Micro Labs Pty Ltd,8/04/2019,"Suspension, powder for",Oral ,8/04/2019,Active,amoxicillin trihydrate,"125mg/5, 28.7mg/mL",,,,
198,90011,"artemether, lumefantrine",RIAMET artemether/lumefantrine 20 mg/120 mg tablet blister pack,"artemether,lumefantrine",Novartis Pharmaceuticals Australia Pty Ltd,24/07/2002,"Tablet, uncoated",Oral ,14/07/2020,Active,artemether,"/l, 20mg",lumefantrine,"120mg, 20mg/120",,
199,298287,"artemether, lumefantrine",COARTEM artemether/lumefantrine 20 mg/120 mg tablet blister pack,"artemether,lumefantrine",Novartis Pharmaceuticals Australia Pty Ltd,13/04/2018,"Tablet, uncoated",Oral ,14/07/2020,Active,artemether,"/l, 20mg",lumefantrine,"120mg, 20mg/120",,
200,158527,"artemether, lumefantrine",COARTEM 20 mg /120 mg artemether/lumefantrine 20 mg/120 mg dispersible tablet blister pack,"artemether,lumefantrine",Novartis Pharmaceuticals Australia Pty Ltd,9/07/2010,"Tablet, dispersible",Oral ,26/10/2020,Active,artemether,"/l, 20mg",lumefantrine,"120mg, 20mg/120",,
201,158523,"artemether, lumefantrine",RIAMET 20 mg /120 mg artemether/lumefantrine 20 mg/120 mg dispersible tablet blister pack,"artemether,lumefantrine",Novartis Pharmaceuticals Australia Pty Ltd,9/07/2010,"Tablet, dispersible",Oral ,26/10/2020,Active,artemether,"/l, 20mg",lumefantrine,"120mg, 20mg/120",,
260,293456,benzathine benzylpenicillin,"BICILLIN L-A-benzathine benzylpenicillin tetrahydrate 600,000 units/1.17 mL suspension for injection syringe with needle",benzathine benzylpenicillin tetrahydrate,Pfizer Australia Pty Ltd,19/09/2018,"Injection, suspension",Intramuscular ,5/02/2021,Active,benzathine benzylpenicillin tetrahydrate,"600, 600000",,,,
261,147169,benzathine benzylpenicillin,"BICILLIN L-A benzathine benzylpenicillin tetrahydrate 1,200,000 Units / 2.3 mL suspension for injection pre-filled syringe with needle",benzathine benzylpenicillin tetrahydrate,Pfizer Australia Pty Ltd,3/01/2008,"Injection, suspension",Intramuscular ,5/02/2021,Active,benzathine benzylpenicillin tetrahydrate,"1, 1200000",,,,
262,293456,benzylpenicillin,"BICILLIN L-A-benzathine benzylpenicillin tetrahydrate 600,000 units/1.17 mL suspension for injection syringe with needle",benzathine benzylpenicillin tetrahydrate,Pfizer Australia Pty Ltd,19/09/2018,"Injection, suspension",Intramuscular ,5/02/2021,Active,benzathine benzylpenicillin tetrahydrate,"600, 600000",,,,
264,285924,benzylpenicillin,PEN G SANDOZ benzylpenicillin sodium 1.2 g powder for injection vial,benzylpenicillin sodium,Sandoz Pty Ltd,1/03/2018,"Injection, powder for",Intravenous ,13/05/2019,Active,benzylpenicillin sodium,"1.2g, 1.198g",,,,
265,285915,benzylpenicillin,PEN G SANDOZ benzylpenicillin sodium 600 mg powder for injection vial,benzylpenicillin sodium,Sandoz Pty Ltd,1/03/2018,"Injection, powder for",Intravenous ,13/05/2019,Active,benzylpenicillin sodium,".599g, 600mg",,,,
266,285912,benzylpenicillin,PEN G SANDOZ benzylpenicillin sodium 3 g powder for injection vial,benzylpenicillin sodium,Sandoz Pty Ltd,1/03/2018,"Injection, powder for",Intravenous ,13/05/2019,Active,benzylpenicillin sodium,"2.994g, 3g",,,,
267,285526,benzylpenicillin,PEN G SANDOZ benzylpenicillin sodium 6 g powder for injection vial,benzylpenicillin sodium,Sandoz Pty Ltd,1/03/2018,"Injection, powder for",Intravenous ,13/05/2019,Active,benzylpenicillin sodium,"5.988g, 6g",,,,
269,147169,benzylpenicillin,"BICILLIN L-A benzathine benzylpenicillin tetrahydrate 1,200,000 Units / 2.3 mL suspension for injection pre-filled syringe with needle",benzathine benzylpenicillin tetrahydrate,Pfizer Australia Pty Ltd,3/01/2008,"Injection, suspension",Intramuscular ,5/02/2021,Active,benzathine benzylpenicillin tetrahydrate,"1, 1200000",,,,
272,98633,cefalexin,GENRX CEPHALEXIN cefalexin (as monohydrate) 250mg/5mL powder for suspension bottle,cefalexin monohydrate,Apotex Pty Ltd,29/01/2004,"Suspension, powder for",Oral ,1/11/2012,Active,cefalexin monohydrate,"50mg/mL, 52.576mg/mL",,,,
273,98408,cefalexin,GENRX CEPHALEXIN cefalexin (as monohydrate) 125mg/5mL powder for suspension bottle,cefalexin monohydrate,Apotex Pty Ltd,29/01/2004,"Suspension, powder for",Oral ,1/11/2012,Active,cefalexin monohydrate,"26.288mg/mL, 25mg/mL",,,,
276,92971,cefalexin,KEFLEX cefalexin 250mg/5mL powder for oral liquid bottle,cefalexin,Aspen Pharmacare Australia Pty Ltd,26/03/2003,"Oral Liquid, powder for",Oral ,20/10/2020,Active,cefalexin,"50mg/mL, 250mg/5mL",,,,
277,92970,cefalexin,KEFLEX cefalexin 125mg/5mL powder for oral liquid bottle,cefalexin,Aspen Pharmacare Australia Pty Ltd,26/03/2003,"Oral Liquid, powder for",Oral ,20/10/2020,Active,cefalexin,"25mg/mL, 125mg/5mL",,,,
278,78982,cefalexin,CEFALEXIN SANDOZ cefalexin (as monohydrate) 250mg/5mL powder for suspension bottle,cefalexin,Sandoz Pty Ltd,11/03/2002,"Suspension, powder for",Oral ,7/04/2021,Active,cefalexin,"50mg/mL, m",,,,
279,78981,cefalexin,CEFALEXIN SANDOZ cefalexin (as monohydrate) 125mg/5mL powder for suspension bottle,cefalexin,Sandoz Pty Ltd,11/03/2002,"Suspension, powder for",Oral ,7/04/2021,Active,cefalexin,"m, 25mg/mL",,,,
301,154381,cefalexin,CEPHALEXIN GENERICHEALTH cefalexin monohydrate 500 mg capsules blister pack,cefalexin,Generic Health Pty Ltd,10/06/2009,Capsule,Oral ,2/12/2020,Active,cefalexin,"m, 500mg",,,,
302,150170,cefalexin,CEFALEXIN SANDOZ cefalexin monohydrate 250 mg capsules blister pack,cefalexin,Sandoz Pty Ltd,4/03/2008,Capsule,Oral ,23/10/2020,Active,cefalexin,"m, 250mg",,,,
307,147082,cefalexin,CEPHATRUST 500 cefalexin monohydrate 500 mg capsules blister pack,cefalexin,Lupin Australia Pty Limited,4/02/2008,Capsule,Oral ,17/09/2013,Active,cefalexin,"m, 500mg",,,,
308,147081,cefalexin,CEPHATRUST 250 cefalexin monohydrate 250 mg capsules blister pack,cefalexin,Lupin Australia Pty Limited,4/02/2008,Capsule,Oral ,17/09/2013,Active,cefalexin,"m, 250mg",,,,
310,127408,cefalexin,CEPHALEXIN - LUPIN cefalexin monohydrate 500 mg capsules blister pack,cefalexin,Lupin Australia Pty Limited,7/05/2007,Capsule,Oral ,17/09/2013,Active,cefalexin,"m, 500mg",,,,
311,127390,cefalexin,CEPHALEXIN MAX cefalexin monohydrate 250 mg capsules blister pack,cefalexin,Lupin Australia Pty Limited,7/05/2007,Capsule,Oral ,17/09/2013,Active,cefalexin,"m, 250mg",,,,
312,100145,cefalexin,IALEX cefalexin 125mg/5mL (as monohydrate) powder for oral liquid,cefalexin,Aspen Pharmacare Australia Pty Ltd,14/05/2004,"Oral Liquid, powder for",Oral ,9/06/2020,Active,cefalexin,"25mg/mL, 125mg/5mL",,,,
315,100142,cefalexin,IALEX cefalexin 250mg/5mL (as monohydrate) powder for oral liquid,cefalexin,Aspen Pharmacare Australia Pty Ltd,14/05/2004,"Oral Liquid, powder for",Oral ,9/06/2020,Active,cefalexin,"50mg/mL, 250mg/5mL",,,,
317,75956,cefazolin,CEFAZOLIN SANDOZ cefazolin sodium 1g powder for injection vial,cefazolin sodium,Sandoz Pty Ltd,14/03/2002,"Injection, powder for",Intramuscular ,5/09/2016,Active,cefazolin sodium,"1048mg, 1g",,,,
326,171582,cefazolin,CEFAZOLIN-AFT cefazolin sodium 1 g powder for injection vial,cefazolin sodium,AFT Pharmaceuticals Pty Ltd,24/11/2011,"Injection, powder for",Intramuscular ,18/01/2021,Active,cefazolin sodium,"1.048g, 1g",,,,
327,171534,cefazolin,CEFAZOLIN-AFT cefazolin sodium 0.5 g powder for injection vial,cefazolin sodium,AFT Pharmaceuticals Pty Ltd,24/11/2011,"Injection, powder for",Intramuscular ,14/01/2020,Active,cefazolin sodium,".524g, 0.5g",,,,
343,170892,ceftazidime,ZETAF 1g ceftazidime 1g powder for injection vial,ceftazidime,Strides Pharma Science Pty Ltd,9/01/2012,"Injection, powder for",Intramuscular ,9/01/2012,Active,ceftazidime,"1000mg, 1g",,,,
344,170891,ceftazidime,ZETAF 2g ceftazidime 2g powder for injection vial,ceftazidime,Strides Pharma Science Pty Ltd,9/01/2012,"Injection, powder for",Intravenous ,9/01/2012,Active,ceftazidime,"2g, 2000mg",,,,
410,340136,chloramphenicol,OCUZO chloramphenicol 5 mg/mL eye drops bottle,chloramphenicol,AFT Pharmaceuticals Pty Ltd,24/07/2020,Eye Drops,Ophthalmic ,23/02/2021,Active,chloramphenicol,"., 5mg/mL",,,,
415,32263,chloramphenicol,Minims Chloramphenicol 0.5% 5mg/mL eye drops tube,chloramphenicol,Bausch & Lomb Australia Pty Ltd,30/10/1991,Eye Drops,Ophthalmic ,18/02/2021,Active,chloramphenicol,"0.5, 5mg/mL",,,,
420,222778,chloramphenicol,CHLORAMPHENICOL GPPL chloramphenicol 5 mg/mL eyedrops bottle,chloramphenicol,Arrow Pharma Pty Ltd,24/04/2014,Eye Drops,Ophthalmic ,24/04/2014,Active,chloramphenicol,"G, 5mg/mL",,,,
424,222545,chloramphenicol,CHLORAMPHENICOL GxP chloramphenicol 5 mg/mL eyedrops bottle,chloramphenicol,Neo Health (OTC) Pty Ltd,15/04/2014,Eye Drops,Ophthalmic ,9/10/2019,Active,chloramphenicol,"G, 5mg/mL",,,,
469,154612,ciprofloxacin,CIPROFLOXACIN ALPHAPHARM ciprofloxacin 400mg/200mL injection for intravenous infusion,ciprofloxacin,Alphapharm Pty Ltd,7/08/2012,"Injection, intravenous infusion",Intravenous Infusion ,30/01/2020,Active,ciprofloxacin,"m, 2mg/mL, 400mg/200mL, .",,,,
470,154611,ciprofloxacin,CIPROFLOXACIN ALPHAPHARM ciprofloxacin 200mg/100mL injection for intravenous infusion,ciprofloxacin,Alphapharm Pty Ltd,7/08/2012,"Injection, intravenous infusion",Intravenous Infusion ,30/01/2020,Active,ciprofloxacin,"m, 2mg/mL, ., 200mg/100mL",,,,
474,148854,ciprofloxacin,CIPROFLOXACIN-GA ciprofloxacin 250mg (as hydrochloride monohydrate) tablet blister pack,ciprofloxacin,Medis Pharma Pty Ltd,25/09/2008,"Tablet, film coated",Oral ,11/08/2014,Active,ciprofloxacin,"m, 250mg",,,,
475,148853,ciprofloxacin,CIPROFLOXACIN CH ciprofloxacin 750mg (as hydrochloride monohydrate) tablet blister pack,ciprofloxacin,Amneal Pharma Australia Pty Ltd,25/09/2008,"Tablet, film coated",Oral ,11/11/2014,Active,ciprofloxacin,"m, 750mg",,,,
476,148852,ciprofloxacin,CIPROFLOXACIN CH ciprofloxacin 500mg (as hydrochloride monohydrate) tablet blister pack,ciprofloxacin,Amneal Pharma Australia Pty Ltd,25/09/2008,"Tablet, film coated",Oral ,11/11/2014,Active,ciprofloxacin,"m, 500mg",,,,
477,148849,ciprofloxacin,CIPROFLOXACIN CH ciprofloxacin 250mg (as hydrochloride monohydrate) tablet blister pack,ciprofloxacin,Amneal Pharma Australia Pty Ltd,25/09/2008,"Tablet, film coated",Oral ,11/11/2014,Active,ciprofloxacin,"m, 250mg",,,,
483,127785,ciprofloxacin,CIPROFLOXACIN-DRLA ciprofloxacin 750mg (as hydrochloride monohydrate) tablet blister pack,ciprofloxacin,Dr Reddys Laboratories Australia Pty Ltd,28/11/2006,"Tablet, film coated",,21/06/2011,Active,ciprofloxacin,"m, 750mg",,,,
484,127784,ciprofloxacin,CIPROFLOXACIN-DRLA ciprofloxacin 500mg (as hydrochloride monohydrate) tablet blister pack,ciprofloxacin,Dr Reddys Laboratories Australia Pty Ltd,28/11/2006,"Tablet, film coated",,21/06/2011,Active,ciprofloxacin,"m, 500mg",,,,
485,127783,ciprofloxacin,CIPROFLOXACIN-DRLA ciprofloxacin 250mg (as hydrochloride monohydrate) tablet blister pack,ciprofloxacin,Dr Reddys Laboratories Australia Pty Ltd,28/11/2006,"Tablet, film coated",,21/06/2011,Active,ciprofloxacin,"m, 250mg",,,,
486,127781,ciprofloxacin,CIPROFLOXACIN GH ciprofloxacin 500 mg (as hydrochloride monohydrate) tablet blister pack,ciprofloxacin,Generic Health Pty Ltd,28/11/2006,"Tablet, film coated",Oral ,8/07/2020,Active,ciprofloxacin,"m, 500mg, G",,,,
487,125324,ciprofloxacin,ROFLO ciprofloxacin 750mg (as hydrochloride monohydrate) tablet blister pack,ciprofloxacin,Ipca Pharma (Australia) Pty Ltd,28/08/2006,"Tablet, film coated",Oral ,24/03/2014,Active,ciprofloxacin,"m, 750mg",,,,
488,125323,ciprofloxacin,ROFLO ciprofloxacin 500mg (as hydrochloride monohydrate) tablet blister pack,ciprofloxacin,Ipca Pharma (Australia) Pty Ltd,28/08/2006,"Tablet, film coated",Oral ,24/03/2014,Active,ciprofloxacin,"m, 500mg",,,,
489,125322,ciprofloxacin,ROFLO ciprofloxacin 250mg (as hydrochloride monohydrate) tablet blister pack,ciprofloxacin,Ipca Pharma (Australia) Pty Ltd,28/08/2006,"Tablet, film coated",Oral ,24/03/2014,Active,ciprofloxacin,"m, 250mg",,,,
490,123042,ciprofloxacin,DBL CIPROFLOXACIN 400 mg/200 mL injection for intravenous infusion bag,ciprofloxacin,Pfizer Australia Pty Ltd,15/12/2006,"Injection, solution",,9/10/2020,Active,ciprofloxacin,"m, 400mg, ., 400mg/200",,,,
491,123041,ciprofloxacin,DBL CIPROFLOXACIN 200 mg/100 mL injection for intravenous infusion bag,ciprofloxacin,Pfizer Australia Pty Ltd,15/12/2006,"Injection, solution",,9/10/2020,Active,ciprofloxacin,"m, 200mg/100, 200mg, .",,,,
492,123038,ciprofloxacin,DBL CIPROFLOXACIN 100 mg/50 mL injection for intravenous infusion bag,ciprofloxacin,Pfizer Australia Pty Ltd,15/12/2006,"Injection, solution",,9/10/2020,Active,ciprofloxacin,"100mg, m, 100mg/50, .",,,,
498,114735,ciprofloxacin,ASPEN CIPROFLOXACIN ciprofloxacin injection for intravenous infusion 200mg/100mL bag,ciprofloxacin,Aspen Pharmacare Australia Pty Ltd,23/01/2006,"Injection, intravenous infusion",Intravenous Infusion ,5/12/2019,Active,ciprofloxacin,"m, 2mg/mL, .",,,,
499,114731,ciprofloxacin,ASPEN CIPROFLOXACIN ciprofloxacin injection for intravenous infusion 100mg/50mL bag,ciprofloxacin,Aspen Pharmacare Australia Pty Ltd,23/01/2006,"Injection, intravenous infusion",Intravenous Infusion ,5/12/2019,Active,ciprofloxacin,"m, 2mg/mL, .",,,,
500,114048,ciprofloxacin,CIPROFLOXACIN-BL ciprofloxacin 750mg (as hydrochloride monohydrate) tablet blister pack,ciprofloxacin,Ipca Pharma (Australia) Pty Ltd,5/11/2004,"Tablet, film coated",Oral ,24/03/2014,Active,ciprofloxacin,"m, 750mg",,,,
501,114047,ciprofloxacin,CIPROFLOXACIN-BL ciprofloxacin 500mg (as hydrochloride monohydrate) tablet blister pack,ciprofloxacin,Ipca Pharma (Australia) Pty Ltd,5/11/2004,"Tablet, film coated",Oral ,24/03/2014,Active,ciprofloxacin,"m, 500mg",,,,
502,114046,ciprofloxacin,CIPROFLOXACIN-BL ciprofloxacin 250mg (as hydrochloride monohydrate) tablet blister pack,ciprofloxacin,Ipca Pharma (Australia) Pty Ltd,5/11/2004,"Tablet, film coated",Oral ,24/03/2014,Active,ciprofloxacin,"m, 250mg",,,,
503,114045,ciprofloxacin,CIROFAXIN ciprofloxacin 750mg (as hydrochloride monohydrate) tablet blister pack,ciprofloxacin,Strides Pharma Science Pty Ltd,5/11/2004,"Tablet, film coated",Oral ,31/10/2011,Active,ciprofloxacin,"m, 750mg",,,,
504,114044,ciprofloxacin,CIROFAXIN ciprofloxacin 500mg (as hydrochloride monohydrate) tablet blister pack,ciprofloxacin,Strides Pharma Science Pty Ltd,5/11/2004,"Tablet, film coated",Oral ,31/10/2011,Active,ciprofloxacin,"m, 500mg",,,,
505,114043,ciprofloxacin,CIROFAXIN ciprofloxacin 250mg (as hydrochloride monohydrate) tablet blister pack,ciprofloxacin,Strides Pharma Science Pty Ltd,5/11/2004,"Tablet, film coated",Oral ,31/10/2011,Active,ciprofloxacin,"m, 250mg",,,,
508,56729,clarithromycin,KLACID clarithromycin 250mg/5mL powder for oral liquid bottle,clarithromycin,Mylan Health Pty Ltd,22/08/1996,"Oral Liquid, powder for",Oral ,1/12/2020,Active,clarithromycin,"50mg/mL, 250mg/5mL",,,,
551,94875,clotrimazole,FEMIZOL VAGINAL CREAM clotrimazole 20mg/g tube,clotrimazole,Medis Pharma Pty Ltd,12/06/2003,Cream,Topical ,12/06/2003,Active,clotrimazole,"20mg/g, 200mg/g",,,,
553,92426,clotrimazole,CANESTEN CLOTRIMAZOLE THRUSH 1 DAY PESSARY + CREAM 500 mg compressed pessary blister pack and 10 mg/g cream tube composite pack,clotrimazole,Bayer Australia Ltd,9/01/2003,"Cream, Pessary, compressed","Topical , Vaginal ",16/12/2020,Active,clotrimazole,"10mg/g, 500mg",,,,
556,81770,clotrimazole,"""SOUL PATTINSON ANTIFUNGAL CLOTRIMAZOLE WOMENS COMBINATION TREATMENT pessary and cream""",clotrimazole,Soul Pattinson Manufacturing Pty Ltd,21/02/2002,"Cream, Pessary, compressed","Topical , Vaginal ",3/07/2002,Active,clotrimazole,"10mg/g, 500mg",,,,
568,338055,clotrimazole,PHARMACY HEALTH CLOTRIMAZOLE 6 DAY THRUSH CREAM Clotrimazole 10mg/g vaginal cream 35 g tube plus 6 applicators,clotrimazole,Soul Pattinson Manufacturing Pty Ltd,18/06/2020,Cream,Vaginal ,18/06/2020,Active,clotrimazole,"10mg/g, 6",,,,
569,338054,clotrimazole,TERRYWHITE CHEMMART CLOTRIMAZOLE 6 DAY THRUSH CREAM Clotrimazole 10mg/g vaginal cream 35 g tube plus 6 applicators,clotrimazole,Soul Pattinson Manufacturing Pty Ltd,18/06/2020,Cream,Vaginal ,18/06/2020,Active,clotrimazole,"10mg/g, 6",,,,
570,338053,clotrimazole,PRICELINE PHARMACY CLOTRIMAZOLE 6 DAY THRUSH TREATMENT Clotrimazole 10mg/g vaginal cream 35 g tube plus 6 applicators,clotrimazole,Soul Pattinson Manufacturing Pty Ltd,18/06/2020,Cream,Vaginal ,18/06/2020,Active,clotrimazole,"10mg/g, 6",,,,
571,338046,clotrimazole,SOUL PATTINSON CLOTRIMAZOLE 6 DAY THRUSH TREATMENT Clotrimazole 10mg/g vaginal cream 35 g tube plus 6 applicators,clotrimazole,Soul Pattinson Manufacturing Pty Ltd,17/06/2020,Cream,Vaginal ,17/06/2020,Active,clotrimazole,"10mg/g, 6",,,,
572,337724,clotrimazole,BLOOMS THE CHEMIST ANTI-FUNGAL CREAM clotrimazole 1% w/w cream tube (new formulation),clotrimazole,Arrow Pharma Pty Ltd,11/06/2020,Cream,Topical ,11/06/2020,Active,clotrimazole,"10mg/g, 1",,,,
575,336358,clotrimazole,APOHEALTH ANTI-FUNGAL CREAM clotrimazole 1% w/w cream tube (new formulation),clotrimazole,Arrow Pharma Pty Ltd,14/05/2020,Cream,Topical ,14/05/2020,Active,clotrimazole,"10mg/g, 1",,,,
579,322231,clotrimazole,PHARMACY OWN ANTI-FUNGAL CREAM clotrimazole 10mg/g tube,clotrimazole,Wockhardt Bio Pty Ltd,23/08/2019,Cream,Topical ,23/08/2019,Active,clotrimazole,"10mg/g, 1",,,,
580,314847,clotrimazole,CA CLOTRIMAZOLE 3 DAY THRUSH TREATMENT clotrimazole 20 mg/g cream tube,clotrimazole,Cipla Australia Pty Ltd,27/02/2019,Cream,Vaginal ,27/02/2019,Active,clotrimazole,"20mg/g, 3",,,,
582,310541,clotrimazole,PHARMACY HEALTH CLOTRIMAZOLE 3 DAY THRUSH TREATMENT 20 mg/g cream tube,clotrimazole,Cipla Australia Pty Ltd,19/10/2018,Cream,Vaginal ,25/03/2020,Active,clotrimazole,"20mg/g, 3",,,,
583,310540,clotrimazole,PRICELINE PHARMACY CLOTRIMAZOLE 3 DAY THRUSH TREATMENT clotrimazole 20 mg/g cream tube,clotrimazole,Cipla Australia Pty Ltd,19/10/2018,Cream,Vaginal ,15/04/2020,Active,clotrimazole,"20mg/g, 3",,,,
584,310480,clotrimazole,TERRYWHITE CHEMMART CLOTRIMAZOLE 6 DAY THRUSH TREATMENT 10mg/g cream tube,clotrimazole,Cipla Australia Pty Ltd,18/10/2018,Cream,Topical ,28/08/2020,Active,clotrimazole,"10mg/g, 6",,,,
586,309147,clotrimazole,PRICELINE PHARMACY CLOTRIMAZOLE 6 DAY THRUSH TREATMENT 10 mg/g cream tube,clotrimazole,Cipla Australia Pty Ltd,10/09/2018,Cream,Topical ,28/08/2020,Active,clotrimazole,"10mg/g, 6",,,,
587,308628,clotrimazole,PHARMACY HEALTH CLOTRIMAZOLE 6 DAY THRUSH TREATMENT 10 mg/g cream tube,clotrimazole,Cipla Australia Pty Ltd,24/08/2018,Cream,Topical ,28/08/2020,Active,clotrimazole,"10mg/g, 6",,,,
589,275827,clotrimazole,PHARMACY SELECT CLOTRIMAZOLE 1% CREAM 10 mg/g tube,clotrimazole,Cipla Australia Pty Ltd,25/05/2016,Cream,Topical ,25/05/2016,Active,clotrimazole,"10mg/g, 1",,,,
594,227241,clotrimazole,PHARMACY CHOICE CLOTRIMAZOLE 3 DAY THRUSH TREATMENT CREAM clotrimazole 20mg/g tube,clotrimazole,Cipla Australia Pty Ltd,25/08/2014,Cream,Vaginal ,11/02/2020,Active,clotrimazole,"20mg/g, 3",,,,
604,201689,clotrimazole,CHEMISTSâ€™ OWN CLOZOLE BROAD SPECTRUM ANTIFUNGAL CREAM clotrimazole 1% w/w cream tube,clotrimazole,Arrow Pharma Pty Ltd,9/10/2012,Cream,Topical ,12/11/2019,Active,clotrimazole,"10mg/g, 1",,,,
612,17593,clotrimazole,CLONEA clotrimazole 10mg/g cream tube,clotrimazole,Alphapharm Pty Ltd,20/09/1991,Cream,Topical ,8/01/2013,Active,clotrimazole,"20mg/g, 10mg/g",,,,
613,172517,clotrimazole,BLOOMS THE CHEMIST CLOTRIMAZOLE 3 DAY VAGINAL CREAM Clotrimazole 20mg/g tube,clotrimazole,Cipla Australia Pty Ltd,23/06/2010,Cream,Vaginal ,12/11/2020,Active,clotrimazole,"20mg/g, 3",,,,
614,150663,clotrimazole,APO-CLOTRIMAZOLE 6 DAY CREAM clotrimazole 10mg/g tube,clotrimazole,Cipla Australia Pty Ltd,11/03/2008,Cream,Vaginal ,11/11/2020,Active,clotrimazole,"10mg/g, 6",,,,
615,150662,clotrimazole,APO-CLOTRIMAZOLE 3 DAY CREAM clotrimazole 20mg/g tube,clotrimazole,Cipla Australia Pty Ltd,11/03/2008,Cream,Vaginal ,11/11/2020,Active,clotrimazole,"20mg/g, 3",,,,
618,132865,clotrimazole,PHARMACY CHOICE CLOTRIMAZOLE THRUSH TREATMENT 6 DAY CREAM 10mg/g clotrimazole 1%w/w tube,clotrimazole,Cipla Australia Pty Ltd,8/11/2006,Cream,Vaginal ,20/01/2020,Active,clotrimazole,"10mg/g, 1",,,,
624,17608,dapsone,Dapsone 100 tablet,dapsone,Alphapharm Pty Ltd,20/09/1991,"Tablet, uncoated",Oral ,3/07/2002,Active,dapsone,"100mg, 100",,,,
630,271133,darunavir,DARUNAVIR MYLAN darunavir 800 mg tablet bottle,darunavir,Alphapharm Pty Ltd,26/05/2017,"Tablet, film coated",Oral ,9/12/2020,Active,darunavir,"M, 800mg",,,,
631,271132,darunavir,DARUNAVIR MYLAN darunavir 600 mg tablet bottle,darunavir,Alphapharm Pty Ltd,26/05/2017,"Tablet, film coated",Oral ,9/12/2020,Active,darunavir,"M, 600mg",,,,
650,62056,doxycycline,DOXSIG doxycycline 100mg (as hydrochloride) tablet bottle,doxycycline,Arrow Pharma Pty Ltd,12/02/1998,"Tablet, film coated",Oral ,7/12/2018,Active,doxycycline,"100mg, m, .",,,,
652,56206,doxycycline,DOXY-100 doxycycline 100mg (as hydrochloride) tablet bottle,doxycycline,Medis Pharma Pty Ltd,11/07/1996,"Tablet, film coated",Oral ,1/02/2016,Active,doxycycline,"100mg, m, .",,,,
673,148817,doxycycline,DOXYCYCLINE-GA doxycycline 100mg (as hydrochloride) tablet bottle,doxycycline,Medis Pharma Pty Ltd,24/06/2008,"Tablet, film coated",Oral ,1/02/2016,Active,doxycycline,"100mg, m, .",,,,
675,148815,doxycycline,DOXYCYCLINE-GA doxycycline 100mg (as hydrochloride) tablet blister pack,doxycycline,Medis Pharma Pty Ltd,24/06/2008,"Tablet, film coated",Oral ,1/02/2016,Active,doxycycline,"100mg, m, .",,,,
681,148806,doxycycline,DOXIRIS doxycycline 100mg (as hydrochloride) tablet blister pack,doxycycline,Strides Pharma Science Pty Ltd,24/06/2008,"Tablet, film coated",Oral ,29/08/2011,Active,doxycycline,"100mg, m, .",,,,
695,280721,"efavirenz, emtricitabine, tenofovir",TENOFOVIR DISOPROXIL/ EMTRICITABINE/ EFAVIRENZ Mylan 300/200/600 tenofovir disoproxil maleate 300 mg/ emtricitabine 200 mg/ efavirenz 600 mg tablet bottle,"efavirenz,emtricitabine,tenofovir disoproxil maleate",Alphapharm Pty Ltd,17/05/2018,"Tablet, film coated",Oral ,13/07/2020,Active,efavirenz,"M, 600mg",emtricitabine,"200, 200mg",tenofovir disoproxil maleate,"300mg, 300"
696,154491,"efavirenz, emtricitabine, tenofovir",ATRIPLA 300 mg tenofovir disoproxil fumarate/200 mg emtricitabine/600 mg efavirenz tablets bottle,"efavirenz,emtricitabine,tenofovir disoproxil fumarate",Gilead Sciences Pty Ltd,3/08/2009,"Tablet, film coated",Oral ,8/12/2020,Active,efavirenz,600mg,emtricitabine,"/600, 200mg",tenofovir disoproxil fumarate,"/200, 300mg"
697,327898,"emtricitabine, tenofovir",CIPLA TENOFOVIR + EMTRICITABINE 300/200 Tenofovir disoproxil fumarate 300 mg and emtricitabine 200 mg tablet bottle pack,"emtricitabine,tenofovir disoproxil fumarate",Cipla Australia Pty Ltd,9/12/2020,"Tablet, film coated",Oral ,17/03/2021,Active,emtricitabine,"200, 300/200, 200mg",tenofovir disoproxil fumarate,300mg,,
700,326237,"emtricitabine, tenofovir",TENOFOVIR / EMTRICITABINE SANDOZ 301/200 tenofovir disoproxil succinate / emtricitabine 301/200 mg film-coated tablet bottle,"emtricitabine,tenofovir disoproxil succinate",Sandoz Pty Ltd,1/03/2021,"Tablet, film coated",Oral ,1/03/2021,Active,emtricitabine,"301/200, 301, 200mg",tenofovir disoproxil succinate,300.6mg,,
701,275071,"emtricitabine, tenofovir",Tenofovir/Emtricitabine 300/200 APOTEX tenofovir disoproxil fumarate 300 mg emtricitabine 200 mg tablet bottle,"emtricitabine,tenofovir disoproxil fumarate",Apotex Pty Ltd,10/11/2017,"Tablet, film coated",Oral ,24/11/2020,Active,emtricitabine,"300/200, 200mg",tenofovir disoproxil fumarate,300mg,,
702,275070,"emtricitabine, tenofovir",Tenofovir/Emtricitabine 300/200 APOTEX tenofovir disoproxil fumarate 300 mg emtricitabine 200 mg tablet blister pack,"emtricitabine,tenofovir disoproxil fumarate",Apotex Pty Ltd,10/11/2017,"Tablet, film coated",Oral ,24/11/2020,Active,emtricitabine,"300/200, 200mg",tenofovir disoproxil fumarate,300mg,,
703,275069,"emtricitabine, tenofovir",APO-Tenofovir/Emtricitabine 300/200 tenofovir disoproxil fumarate 300 mg emtricitabine 200 mg tablet bottle,"emtricitabine,tenofovir disoproxil fumarate",Apotex Pty Ltd,10/11/2017,"Tablet, film coated",Oral ,24/11/2020,Active,emtricitabine,"300/200, 200mg",tenofovir disoproxil fumarate,300mg,,
704,275068,"emtricitabine, tenofovir",APO-Tenofovir/Emtricitabine 300/200 tenofovir disoproxil fumarate 300 mg emtricitabine 200 mg tablet blister pack,"emtricitabine,tenofovir disoproxil fumarate",Apotex Pty Ltd,10/11/2017,"Tablet, film coated",Oral ,24/11/2020,Active,emtricitabine,"300/200, 200mg",tenofovir disoproxil fumarate,300mg,,
705,269197,"emtricitabine, tenofovir",TENOFOVIR EMT LAPL tenofovir disoproxil phosphate and emtricitabine 291mg/200mg film coated tablets,"emtricitabine,tenofovir disoproxil phosphate",Lupin Australia Pty Limited,31/01/2017,"Tablet, film coated",Oral ,23/02/2021,Active,emtricitabine,"291mg/200mg, 200mg",tenofovir disoproxil phosphate,291mg,,
706,269196,"emtricitabine, tenofovir",TENOFOVIR EMT GH tenofovir disoproxil phosphate and emtricitabine 291mg/200mg film coated tablets,"emtricitabine,tenofovir disoproxil phosphate",Lupin Australia Pty Limited,31/01/2017,"Tablet, film coated",Oral ,23/02/2021,Active,emtricitabine,"291mg/200mg, 200mg",tenofovir disoproxil phosphate,291mg,,
707,269195,"emtricitabine, tenofovir",TENOFOVIR EMT LUPIN tenofovir disoproxil phosphate and emtricitabine 291mg/200mg film coated tablets,"emtricitabine,tenofovir disoproxil phosphate",Lupin Australia Pty Limited,31/01/2017,"Tablet, film coated",Oral ,23/02/2021,Active,emtricitabine,"291mg/200mg, 200mg",tenofovir disoproxil phosphate,291mg,,
708,265835,"emtricitabine, tenofovir",TENOFOVIR DISOPROXIL EMTRICITABINE MYLAN 300/200 tenofovir disoproxil maleate300 mg and emtricitabine 200 mg film coated tablet blister pack,"emtricitabine,tenofovir disoproxil maleate",Alphapharm Pty Ltd,15/12/2016,"Tablet, film coated",Oral ,4/02/2021,Active,emtricitabine,"M, 200mg",tenofovir disoproxil maleate,300mg,,
709,265834,"emtricitabine, tenofovir",TENOFOVIR DISOPROXIL EMTRICITABINE MYLAN 300/200 tenofovir disoproxil maleate300 mg and emtricitabine 200 mg film coated tablet bottle,"emtricitabine,tenofovir disoproxil maleate",Alphapharm Pty Ltd,15/12/2016,"Tablet, film coated",Oral ,4/02/2021,Active,emtricitabine,"M, 200mg",tenofovir disoproxil maleate,300mg,,
710,265833,"emtricitabine, tenofovir",TRUCITAVIR 300/200 tenofovir disoproxil maleate/ emtricitabine 300 mg/200 mg film coated tablet bottle,"emtricitabine,tenofovir disoproxil maleate",Alphapharm Pty Ltd,15/12/2016,"Tablet, film coated",Oral ,4/02/2021,Active,emtricitabine,"200mg, 300mg/200",tenofovir disoproxil maleate,300mg,,
711,265832,"emtricitabine, tenofovir",TRUCITAVIR 300/200 tenofovir disoproxil maleate/ emtricitabine 300 mg/200 mg film coated tablet blister pack,"emtricitabine,tenofovir disoproxil maleate",Alphapharm Pty Ltd,15/12/2016,"Tablet, film coated",Oral ,4/02/2021,Active,emtricitabine,"200mg, 300mg/200",tenofovir disoproxil maleate,300mg,,
712,246093,"emtricitabine, tenofovir",DESCOVY 200 mg/10 mg (200 mg emtricitabine/10 mg tenofovir alafenamide) tablet bottle,"emtricitabine,tenofovir alafenamide fumarate",Gilead Sciences Pty Ltd,1/07/2016,"Tablet, film coated",Oral ,14/01/2021,Active,emtricitabine,"/10, 200mg",tenofovir alafenamide fumarate,11.2mg,,
713,246092,"emtricitabine, tenofovir",DESCOVY 200 mg/25 mg (200 mg emtricitabine/25 mg tenofovir alafenamide) tablet bottle,"emtricitabine,tenofovir alafenamide fumarate",Gilead Sciences Pty Ltd,1/07/2016,"Tablet, film coated",Oral ,14/01/2021,Active,emtricitabine,"/25, 200mg",tenofovir alafenamide fumarate,28mg,,
714,107072,"emtricitabine, tenofovir",TRUVADA tenofovir disoproxil fumarate / emtricitabine 300/200 mg tablet bottle,"emtricitabine,tenofovir disoproxil fumarate",Gilead Sciences Pty Ltd,22/09/2005,"Tablet, film coated",Oral ,16/09/2020,Active,emtricitabine,"300/200, 200mg",tenofovir disoproxil fumarate,300mg,,
723,259926,entecavir,"ENTECAVIR ML 1 mg entecavir (as monohydrate) tablet, blister pack",entecavir,Amneal Pharma Australia Pty Ltd,22/07/2016,"Tablet, film coated",Oral ,11/10/2016,Active,entecavir,"1mg, ML1",,,,
725,259924,entecavir,"ENTECAVIR ML 1 mg entecavir (as monohydrate) tablet, bottle",entecavir,Amneal Pharma Australia Pty Ltd,22/07/2016,"Tablet, film coated",Oral ,11/10/2016,Active,entecavir,"1mg, ML1",,,,
726,259923,entecavir,"ENTECAVIR ML 0.5mg entecavir (as monohydrate) tablet, bottle",entecavir,Amneal Pharma Australia Pty Ltd,22/07/2016,"Tablet, film coated",Oral ,11/10/2016,Active,entecavir,".5mg, ML0",,,,
730,259919,entecavir,"ENTECAVIR ML 0.5 mg entecavir (as monohydrate) tablet, blister pack",entecavir,Amneal Pharma Australia Pty Ltd,22/07/2016,"Tablet, film coated",Oral ,11/10/2016,Active,entecavir,".5mg, ML0",,,,
741,256694,entecavir,ENTECAVIR SUN entecavir (as monohydrate) 1.0 mg film-coated tablet bottle,entecavir,Sun Pharma ANZ Pty Ltd,19/05/2016,"Tablet, film coated",Oral ,26/08/2019,Active,entecavir,"m, .1mg",,,,
742,256693,entecavir,ENTECAVIR SUN entecavir (as monohydrate) 1.0 mg film-coated tablet blister pack,entecavir,Sun Pharma ANZ Pty Ltd,19/05/2016,"Tablet, film coated",Oral ,26/08/2019,Active,entecavir,"m, 1mg",,,,
743,256692,entecavir,ENTECAVIR SUN entecavir (as monohydrate) 0.5mg film-coated tablet bottle,entecavir,Sun Pharma ANZ Pty Ltd,19/05/2016,"Tablet, film coated",Oral ,26/08/2019,Active,entecavir,".5mg, m",,,,
744,256673,entecavir,ENTECAVIR SUN entecavir (as monohydrate) 0.5mg film-coated tablet blister pack,entecavir,Sun Pharma ANZ Pty Ltd,19/05/2016,"Tablet, film coated",Oral ,26/08/2019,Active,entecavir,".5mg, m",,,,
745,256672,entecavir,ENTECAVIR RBX entecavir (as monohydrate) 1.0 mg film-coated tablet bottle,entecavir,Sun Pharma ANZ Pty Ltd,19/05/2016,"Tablet, film coated",Oral ,26/08/2019,Active,entecavir,"m, 1mg",,,,
746,256652,entecavir,ENTECAVIR RBX entecavir (as monohydrate) 1.0 mg film-coated tablet blister pack,entecavir,Sun Pharma ANZ Pty Ltd,19/05/2016,"Tablet, film coated",Oral ,26/08/2019,Active,entecavir,"m, 1mg",,,,
747,256632,entecavir,ENTECAVIR RBX entecavir (as monohydrate) 0.5mg film-coated tablet bottle,entecavir,Sun Pharma ANZ Pty Ltd,19/05/2016,"Tablet, film coated",Oral ,26/08/2019,Active,entecavir,".5mg, m",,,,
748,256612,entecavir,ENTECAVIR RBX entecavir (as monohydrate) 0.5mg film-coated tablet blister pack,entecavir,Sun Pharma ANZ Pty Ltd,19/05/2016,"Tablet, film coated",Oral ,26/08/2019,Active,entecavir,".5mg, m",,,,
749,256512,entecavir,ENTECAVIR RAN entecavir (as monohydrate) 1.0 mg film-coated tablet bottle,entecavir,Sun Pharma ANZ Pty Ltd,19/05/2016,"Tablet, film coated",Oral ,26/08/2019,Active,entecavir,"m, 1mg",,,,
750,256492,entecavir,ENTECAVIR APO entecavir (as monohydrate) 1.0 mg film-coated tablet blister pack,entecavir,Apotex Pty Ltd,19/05/2016,"Tablet, film coated",Oral ,23/10/2020,Active,entecavir,"m, 1mg",,,,
751,256472,entecavir,ENTECAVIR RAN entecavir (as monohydrate) 0.5mg film-coated tablet bottle,entecavir,Sun Pharma ANZ Pty Ltd,19/05/2016,"Tablet, film coated",Oral ,26/08/2019,Active,entecavir,".5mg, m",,,,
752,256432,entecavir,ENTECAVIR APO entecavir (as monohydrate) 0.5mg film-coated tablet blister pack,entecavir,Apotex Pty Ltd,19/05/2016,"Tablet, film coated",Oral ,23/10/2020,Active,entecavir,".5mg, m",,,,
773,220093,entecavir,ENTECAVIR MYLAN entecavir (as monohydrate) 0.5 mg film coated tablets bottle,entecavir,Alphapharm Pty Ltd,18/04/2016,"Tablet, film coated",Oral ,16/04/2021,Active,entecavir,".5mg, M",,,,
774,220091,entecavir,ENTECAVIR MYLAN entecavir (as monohydrate) 1 mg film coated tablets blister pack,entecavir,Alphapharm Pty Ltd,18/04/2016,"Tablet, film coated",Oral ,16/04/2021,Active,entecavir,"M, 1mg",,,,
775,220090,entecavir,ENTECAVIR MYLAN entecavir (as monohydrate) 0.5 mg film coated tablets blister pack,entecavir,Alphapharm Pty Ltd,18/04/2016,"Tablet, film coated",Oral ,16/04/2021,Active,entecavir,".5mg, M",,,,
776,220088,entecavir,ENTECAVIR MYLAN entecavir (as monohydrate) 1 mg film coated tablets bottle,entecavir,Alphapharm Pty Ltd,18/04/2016,"Tablet, film coated",Oral ,16/04/2021,Active,entecavir,"M, 1mg",,,,
779,116853,entecavir,BARACLUDE entecavir 1.0mg film coated tablet blister pack,entecavir,Bristol-Myers Squibb Australia Pty Ltd,12/04/2006,"Tablet, film coated",Oral ,16/03/2021,Active,entecavir,"1mg, 1.0mg",,,,
780,116852,entecavir,BARACLUDE entecavir 0.5mg film coated tablet blister pack,entecavir,Bristol-Myers Squibb Australia Pty Ltd,12/04/2006,"Tablet, film coated",Oral ,16/03/2021,Active,entecavir,"0.5mg, .5mg",,,,
784,59089,fluconazole,DIFLUCAN Fluconazole 50mg/5mL (after reconstitution) powder for oral suspension bottle,fluconazole,Pfizer Australia Pty Ltd,18/12/1997,"Oral Liquid, powder for",Oral ,30/10/2020,Active,fluconazole,"50mg/5mL, 10mg/mL",,,,
788,47462,fluconazole,DIFLUCAN fluconazole 200mg/100mL injection,fluconazole,Pfizer Australia Pty Ltd,16/12/1993,"Injection, solution",Intravenous ,30/10/2020,Active,fluconazole,"2mg/mL, 200mg/100mL",,,,
789,47461,fluconazole,DIFLUCAN fluconazole 100mg/50mL injection,fluconazole,Pfizer Australia Pty Ltd,16/12/1993,"Injection, solution",Intravenous ,30/10/2020,Active,fluconazole,"100mg/50mL, 2mg/mL",,,,
811,155341,fluconazole,FLUCONAZOLE ALPHAPHARM fluconazole 400 mg/200 mL solution for infusion bag,fluconazole,Alphapharm Pty Ltd,18/06/2010,"Injection, intravenous infusion",Intravenous ,20/02/2018,Active,fluconazole,"2mg/mL, 400mg/200",,,,
812,155339,fluconazole,FLUCONAZOLE ALPHAPHARM fluconazole 100 mg/50 mL solution for infusion bag,fluconazole,Alphapharm Pty Ltd,18/06/2010,"Injection, intravenous infusion",Intravenous ,20/02/2018,Active,fluconazole,"2mg/mL, 100mg/50",,,,
813,155335,fluconazole,FLUCONAZOLE ALPHAPHARM fluconazole 200 mg/100 mL solution for infusion bag,fluconazole,Alphapharm Pty Ltd,18/06/2010,"Injection, intravenous infusion",Intravenous ,20/02/2018,Active,fluconazole,"2mg/mL, 200mg/100",,,,
816,149125,fluconazole,CIPLA FEMME FLUCONAZOLE 1 fluconazole 150mg capsule blister pack,fluconazole,Cipla Australia Pty Ltd,14/01/2008,"Capsule, hard",Oral ,12/11/2019,Active,fluconazole,"150mg, 1",,,,
818,133469,fluconazole,FLUCONAZOLE-BAXTER fluconazole 400mg/200mL solution for injection vial,fluconazole,Baxter Healthcare Pty Ltd,29/04/2008,"Injection, solution",Intravenous ,11/10/2019,Active,fluconazole,"2mg/mL, 400mg/200mL",,,,
819,133468,fluconazole,FLUCONAZOLE-BAXTER fluconazole 200mg/100mL solution for injection vial,fluconazole,Baxter Healthcare Pty Ltd,29/04/2008,"Injection, solution",Intravenous ,11/10/2019,Active,fluconazole,"2mg/mL, 200mg/100mL",,,,
820,133463,fluconazole,FLUCONAZOLE-BAXTER fluconazole 100mg/50mL solution for injection vial,fluconazole,Baxter Healthcare Pty Ltd,29/04/2008,"Injection, solution",Intravenous ,11/10/2019,Active,fluconazole,"100mg/50mL, 2mg/mL",,,,
824,128729,fluconazole,ASPEN FLUCONAZOLE fluconazole 400mg/200mL solution for injection bag,fluconazole,Aspen Pharmacare Australia Pty Ltd,11/05/2007,"Injection, solution",Intravenous ,17/07/2018,Active,fluconazole,"400mg, 400mg/200mL",,,,
825,128728,fluconazole,ASPEN FLUCONAZOLE fluconazole 200mg/100mL solution for injection bag,fluconazole,Aspen Pharmacare Australia Pty Ltd,11/05/2007,"Injection, solution",Intravenous ,17/07/2018,Active,fluconazole,"200mg, 200mg/100mL",,,,
826,128727,fluconazole,ASPEN FLUCONAZOLE fluconazole 100mg/50mL solution for injection bag,fluconazole,Aspen Pharmacare Australia Pty Ltd,11/05/2007,"Injection, solution",Intravenous ,17/07/2018,Active,fluconazole,"100mg, 100mg/50mL",,,,
834,104304,fluconazole,FLUCONAZOLE SANDOZ fluconazole 400 mg/200 mL injection,fluconazole,Sandoz Pty Ltd,27/07/2005,"Injection, solution",Intravenous ,28/01/2021,Active,fluconazole,"2mg/mL, 400mg/200",,,,
835,104302,fluconazole,FLUCONAZOLE SANDOZ fluconazole 200 mg/100 mL injection,fluconazole,Sandoz Pty Ltd,27/07/2005,"Injection, solution",Intravenous ,28/01/2021,Active,fluconazole,"2mg/mL, 200mg/100",,,,
836,104301,fluconazole,FLUCONAZOLE SANDOZ fluconazole 100 mg/50 mL injection,fluconazole,Sandoz Pty Ltd,27/07/2005,"Injection, solution",Intravenous ,28/01/2021,Active,fluconazole,"2mg/mL, 100mg/50",,,,
844,34197,gentamicin,Hospira Gentamicin Injection BP 80 mg/2 mL vial,gentamicin sulfate,Hospira Australia Pty Ltd,2/12/1991,"Injection, solution",Intravenous ,12/02/2019,Active,gentamicin sulfate,"40mg/mL, 64.5mg/mL",,,,
850,16339,gentamicin,DBL GENTAMICIN 10mg/1mL(as sulfate) Injection,gentamicin,Pfizer Australia Pty Ltd,8/10/1991,"Injection, solution",Intravenous ,1/09/2020,Active,gentamicin,"10mg/1mL, 10mg/mL",,,,
851,11376,gentamicin,Pfizer (Australia) GENTAMICIN 80 mg/2 mL (as sulfate) injection BP ampoule,gentamicin,Pfizer Australia Pty Ltd,13/08/1991,"Injection, solution",Intravenous ,19/02/2021,Active,gentamicin,"80mg/2mL, 80mg, m, 80mg/2",,,,
852,325401,"glecaprevir, pibrentasvir",MAVIRET glecaprevir/pibrentasvir 100 mg/40 mg film-coated tablet bottle,"glecaprevir,pibrentasvir",Abbvie Pty Ltd,16/01/2020,"Tablet, film coated",Oral ,17/12/2020,Active,glecaprevir,100mg,pibrentasvir,"100mg/40, 40mg",,
853,284948,"glecaprevir, pibrentasvir",MAVIRET glecaprevir/pibrentasvir 100 mg/40 mg film-coated tablet blister pack,"glecaprevir,pibrentasvir",Abbvie Pty Ltd,2/01/2018,"Tablet, film coated",Oral ,17/12/2020,Active,glecaprevir,100mg,pibrentasvir,"100mg/40, 40mg",,
865,244333,itraconazole,ITRACONAZOLE GENPAR itraconazole 100 mg capsule blister pack,itraconazole,Generic Partners Pty Ltd,9/08/2016,Capsule,Oral ,12/02/2021,Active,itraconazole,"100mg, G",,,,
866,244332,itraconazole,ITRACONAZOLE GXP itraconazole 100 mg capsule blister pack,itraconazole,Generic Partners Pty Ltd,9/08/2016,Capsule,Oral ,12/02/2021,Active,itraconazole,"100mg, G",,,,
867,244292,itraconazole,ITRACONAZOLE GPPL itraconazole 100 mg capsule blister pack,itraconazole,Generic Partners Pty Ltd,9/08/2016,Capsule,Oral  u,12/02/2021,Active,itraconazole,"100mg, G",,,,
901,79695,linezolid,ZYVOX linezolid 20mg/mL granules bottle,linezolid,Pfizer Australia Pty Ltd,24/09/2001,"Oral Liquid, suspension",Oral ,23/03/2021,Active,linezolid,"20mg/mL, 20.4mg/mL",,,,
903,79690,linezolid,ZYVOX linezolid 600mg/300mL injection infusion bag,linezolid,Pfizer Australia Pty Ltd,24/09/2001,"Injection, solution",Intravenous ,23/03/2021,Active,linezolid,"600mg/300mL, 2mg/mL",,,,
904,79689,linezolid,ZYVOX linezolid 400mg/200mL injection infusion bag,linezolid,Pfizer Australia Pty Ltd,24/09/2001,"Injection, solution",Intravenous ,23/03/2021,Active,linezolid,"2mg/mL, 400mg/200mL",,,,
905,79688,linezolid,ZYVOX linezolid 200mg/100mL injection infusion bag,linezolid,Pfizer Australia Pty Ltd,24/09/2001,"Injection, solution",Intravenous ,23/03/2021,Active,linezolid,"2mg/mL, 200mg/100mL",,,,
906,296543,linezolid,PHARMACOR LINEZOLID linezolid 600 mg film-coated tablet blister pack,linezolid,Pharmacor Pty Ltd,15/10/2018,"Tablet, film coated",Oral ,3/02/2020,Active,linezolid,"l, 600mg",,,,
907,296542,linezolid,PHARMACOR LINEZOLID linezolid 600 mg film coated tablets bottle pack,linezolid,Pharmacor Pty Ltd,15/10/2018,"Tablet, film coated",Oral ,3/02/2020,Active,linezolid,"l, 600mg",,,,
908,296541,linezolid,AKM LINEZOLID linezolid 600 mg film-coated tablet bottle pack,linezolid,Pharmacor Pty Ltd,15/10/2018,"Tablet, film coated",Oral ,3/02/2020,Active,linezolid,"l, 600mg",,,,
909,296540,linezolid,AKM LINEZOLID linezolid 600 mg film-coated tablet blister pack,linezolid,Pharmacor Pty Ltd,15/10/2018,"Tablet, film coated",Oral ,3/02/2020,Active,linezolid,"l, 600mg",,,,
910,277697,linezolid,LINEZOLID KABI linezolid 600 mg/300 mL solution for injection infusion bottle,linezolid,Fresenius Kabi Australia Pty Ltd,19/05/2017,"Injection, intravenous infusion",Intravenous Infusion ,14/02/2020,Active,linezolid,"600mg/300, 2mg/mL",,,,
911,277696,linezolid,LINEZOLID KABI linezolid 600 mg/300 mL solution for injection infusion bag,linezolid,Fresenius Kabi Australia Pty Ltd,19/05/2017,"Injection, intravenous infusion",Intravenous Infusion ,14/02/2020,Active,linezolid,"600mg/300, 2mg/mL",,,,
912,273047,linezolid,CIPLA LINEZOLID linezolid 600 mg film-coated tablet bottle,linezolid,Cipla Australia Pty Ltd,24/01/2017,"Tablet, film coated",Oral ,8/10/2020,Active,linezolid,"l, 600mg",,,,
915,272903,linezolid,CIPLA LINEZOLID linezolid 600 mg film-coated tablet blister pack,linezolid,Cipla Australia Pty Ltd,24/01/2017,"Tablet, film coated",Oral ,8/10/2020,Active,linezolid,"l, 600mg",,,,
918,260209,linezolid,LINEZOLID SZ linezolid 600 mg/300 mL injection IV infusion bag,linezolid,Sandoz Pty Ltd,4/01/2017,"Injection, intravenous infusion",Intravenous Infusion ,27/03/2017,Active,linezolid,"600mg/300, 2mg/mL",,,,
919,259947,linezolid,LINEZOLID SANDOZ linezolid 600 mg/300 mL injection IV infusion bag,linezolid,Sandoz Pty Ltd,4/01/2017,"Injection, intravenous infusion",Intravenous Infusion ,27/03/2017,Active,linezolid,"600mg/300, 2mg/mL",,,,
926,247238,linezolid,LINEZOLID ML linezolid 600 mg tablet blister pack,linezolid,Amneal Pharma Australia Pty Ltd,1/06/2016,Tablet,Oral ,18/07/2017,Active,linezolid,"MLl, 600mg",,,,
928,247235,linezolid,LINEZOLID ML linezolid 600 mg tablet bottle,linezolid,Amneal Pharma Australia Pty Ltd,1/06/2016,Tablet,Oral ,18/07/2017,Active,linezolid,"MLl, 600mg",,,,
933,235022,linezolid,LINEZOLID GPPL linezolid 600 mg tablet blister pack,linezolid,Generic Partners Pty Ltd,28/01/2016,"Tablet, film coated",Oral ,7/08/2018,Active,linezolid,"G, 600mg",,,,
935,235020,linezolid,LINEZOLID GPPL linezolid 600 mg/300 mL injection solution,linezolid,Neo Health (Australia) Pty Ltd,28/01/2016,"Injection, solution",Intravenous Infusion ,23/05/2017,Active,linezolid,"600mg/300, G, 600mg",,,,
938,235017,linezolid,LINEZOLID GENPAR linezolid 600 mg/300 mL injection solution,linezolid,Neo Health (Australia) Pty Ltd,28/01/2016,"Injection, solution",Intravenous Infusion ,23/05/2017,Active,linezolid,"600mg/300, G, 600mg",,,,
939,235016,linezolid,LINEZOLID GXP linezolid 600 mg/300 mL injection solution,linezolid,Neo Health (Australia) Pty Ltd,28/01/2016,"Injection, solution",Intravenous Infusion ,23/05/2017,Active,linezolid,"600mg/300, G, 600mg",,,,
940,235015,linezolid,ZOLID linezolid 600 mg/300 mL injection solution,linezolid,Neo Health (Australia) Pty Ltd,28/01/2016,"Injection, solution",Intravenous Infusion ,23/05/2017,Active,linezolid,"600mg/300, 600mg",,,,
942,235013,linezolid,LINEZOID linezolid 600 mg/300 mL injection solution,linezolid,Neo Health (Australia) Pty Ltd,28/01/2016,"Injection, solution",Intravenous Infusion ,23/05/2017,Active,linezolid,"600mg/300, 600mg",,,,
943,235012,linezolid,LINEZOLID GXP linezolid 600 mg tablet blister pack,linezolid,Generic Partners Pty Ltd,28/01/2016,"Tablet, film coated",Oral ,7/08/2018,Active,linezolid,"G, 600mg",,,,
945,235010,linezolid,NEZOLID linezolid 600 mg/300 mL injection solution,linezolid,Juno Pharmaceuticals Pty Ltd,28/01/2016,"Injection, solution",Intravenous Infusion ,23/05/2017,Active,linezolid,"600mg/300, 600mg",,,,
946,235009,linezolid,LINEZOLID GENPAR linezolid 600 mg tablet blister pack,linezolid,Generic Partners Pty Ltd,28/01/2016,"Tablet, film coated",Oral ,7/08/2018,Active,linezolid,"G, 600mg",,,,
947,235008,linezolid,LINEZOLID CH linezolid 600 mg/300 mL injection solution,linezolid,Neo Health (Australia) Pty Ltd,28/01/2016,"Injection, solution",Intravenous Infusion ,23/05/2017,Active,linezolid,"600mg/300, 600mg",,,,
948,235007,linezolid,LINEZOLID AN linezolid 600 mg/300 mL injection solution,linezolid,Neo Health (Australia) Pty Ltd,28/01/2016,"Injection, solution",Intravenous Infusion ,23/05/2017,Active,linezolid,"600mg/300, 600mg",,,,
949,235006,linezolid,LINEZOLID APO linezolid 600 mg/300 mL injection solution,linezolid,Apotex Pty Ltd,28/01/2016,"Injection, solution",Intravenous Infusion ,30/07/2020,Active,linezolid,"600mg/300, 600mg",,,,
950,234996,linezolid,DBL Linezolid Injection for IV Infusion linezolid 600 mg/300 mL injection infusion bag,linezolid,Pfizer Australia Pty Ltd,28/04/2016,"Injection, intravenous infusion",Intravenous Infusion ,28/04/2016,Active,linezolid,"600mg/300, 600mg",,,,
951,234995,linezolid,Hospira Linezolid Injection for IV Infusion linezolid 600 mg/300 mL injection infusion bag,linezolid,Pfizer Australia Pty Ltd,28/04/2016,"Injection, intravenous infusion",Intravenous Infusion ,28/04/2016,Active,linezolid,"600mg/300, 600mg",,,,
952,207476,linezolid,APO-LINEZOLID linezolid 600 mg tablet blister pack,linezolid,Apotex Pty Ltd,31/01/2014,"Tablet, film coated",Oral ,20/05/2019,Active,linezolid,"l, 600mg",,,,
953,207474,linezolid,GENRX LINEZOLID linezolid 600 mg tablet blister pack,linezolid,Apotex Pty Ltd,31/01/2014,"Tablet, film coated",Oral ,20/05/2019,Active,linezolid,"l, 600mg",,,,
1001,53981,metronidazole,METROZINE metronidazole 500mg in 100mL injection vial,metronidazole,Proqualix Pty Ltd - in Administration,7/11/1995,"Injection, intravenous infusion",Intravenous Infusion ,3/07/2002,Active,metronidazole,"500mg, 5mg/mL",,,,
1002,310261,metronidazole,METRONIDAZOLE KABI metronidazole 500mg/100mL solution for injection bottle,metronidazole,Fresenius Kabi Australia Pty Ltd,4/12/2019,"Injection, solution",,4/12/2019,Active,metronidazole,"500mg, 500mg/100mL",,,,
1005,27499,metronidazole,FLAGYL metronidazole 500 mg suppositories blister pack,metronidazole,Sanofi-Aventis Australia Pty Ltd,21/10/1991,Suppository,Rectal ,29/07/2020,Active,metronidazole,"m, 500mg",,,,
1008,17655,metronidazole,METROGYL 400 metronidazole 400mg tablet bottle,metronidazole,Alphapharm Pty Ltd,20/09/1991,"Tablet, uncoated",Oral ,20/01/2021,Active,metronidazole,"m, 400mg",,,,
1009,17654,metronidazole,METROGYL 200 metronidazole 200mg tablet bottlet,metronidazole,Alphapharm Pty Ltd,20/09/1991,"Tablet, uncoated",Oral ,20/01/2021,Active,metronidazole,"m, 200mg",,,,
1010,165164,metronidazole,METRONIDAZOLE BAXTER metronidazole 500mg/100mL solution for injection bag,metronidazole,Baxter Healthcare Pty Ltd,15/07/2011,"Injection, solution",Intravenous Infusion ,7/12/2018,Active,metronidazole,"500mg/100mL, 5mg/mL",,,,
1011,165161,metronidazole,METRONIDAZOLE-CLARIS metronidazole 500mg/100mL solution for injection vial,metronidazole,Baxter Healthcare Pty Ltd,15/07/2011,"Injection, solution",Intravenous Infusion ,13/09/2019,Active,metronidazole,"500mg/100mL, 5mg/mL",,,,
1018,129476,metronidazole,METRONIDAZOLE JUNO metronidazole 500mg/100mL solution for injection bag,metronidazole,Juno Pharmaceuticals Pty Ltd,10/05/2007,"Injection, solution",Intravenous ,31/03/2021,Active,metronidazole,"m, 500mg, 500mg/100mL",,,,
1019,12728,metronidazole,Pfizer (Australia) METRONIDAZOLE 5mg/mL (0.5%) injection vial,metronidazole,Pfizer Australia Pty Ltd,13/08/1991,"Injection, solution",Intravenous ,16/02/2021,Active,metronidazole,"m, 5mg, 5mg/mL",,,,
1020,10846,metronidazole,Metronidazole Gel 0.5%,metronidazole,Orion Laboratories Pty Ltd T/A Perrigo Australia,9/07/1991,Gel,Topical ,3/07/2002,Active,metronidazole,"0.5, G, 5mg/mL",,,,
1021,81598,moxifloxacin,AVELOX IV 400 moxifloxacin 400 mg/250 mL (as hydrochloride) intravenous infusion solution bottle,moxifloxacin,Bayer Australia Ltd,31/01/2002,"Injection, intravenous infusion",Intravenous ,26/02/2021,Active,moxifloxacin,"400mg/250, ., m, 1.6mg/mL",,,,
1022,78977,moxifloxacin,AVELOX IV 400 moxifloxacin 400 mg/250 mL (as hydrochloride) intravenous infusion solution bag,moxifloxacin,Bayer Australia Ltd,31/01/2002,"Injection, intravenous infusion",Intravenous ,26/02/2021,Active,moxifloxacin,"400mg/250, ., m, 1.6mg/mL",,,,
1023,75766,moxifloxacin,AVELOX moxifloxacin 400 mg (as hydrochloride) tablet blister pack,moxifloxacin,Bayer Australia Ltd,21/12/2000,"Tablet, film coated",Oral ,26/02/2021,Active,moxifloxacin,"m, 400mg, .",,,,
1031,272979,nevirapine,Nevirapine XR APOTEX nevirapine 400 mg modified release tablet blister pack,nevirapine,Apotex Pty Ltd,25/01/2017,"Tablet, modified release",Oral ,13/12/2018,Active,nevirapine,"m, 400mg, 400mgm, .",,,,
1040,176980,nevirapine,VIRAMUNE XR nevirapine 400 mg extended-release tablet blister pack,nevirapine,Boehringer Ingelheim Pty Ltd,4/01/2012,"Tablet, modified release",Oral ,30/10/2020,Active,nevirapine,"400mg, .",,,,
1047,299387,nitrofurantoin,NITROFURANTOIN MLABS nitrofurantoin 100 mg capsule bottle pack,nitrofurantoin,Micro Labs Pty Ltd,21/12/2018,"Capsule, hard",Oral ,21/12/2018,Active,nitrofurantoin,"100mg, ML",,,,
1052,299382,nitrofurantoin,NITROFURANTOIN MLABS nitrofurantoin 50 mg capsule bottle pack,nitrofurantoin,Micro Labs Pty Ltd,21/12/2018,"Capsule, hard",Oral ,21/12/2018,Active,nitrofurantoin,"ML, 50mg",,,,
1059,219878,nystatin,"PHARMACY CARE NYSTATIN ORAL DROPS nystatin 100,000IU/mL suspension bottle",nystatin,Cipla Australia Pty Ltd,5/02/2014,Oral Liquid,Oral Application ,19/08/2019,Active,nystatin,"100000, 100",,,,
1060,211170,nystatin,"AMCAL NYSTATIN ORAL DROPS nystatin 100,000IU/mL oral solution bottle",nystatin,Cipla Australia Pty Ltd,20/06/2013,Oral Liquid,Oral Application ,19/08/2019,Active,nystatin,"100000, 100",,,,
1062,19216,nystatin,"MYCOSTATIN nystatin 100,000U/g cream tube",nystatin,Aspen Pharma Pty Ltd,30/09/1991,Cream,Topical ,14/05/2018,Active,nystatin,"100000, 100",,,,
1064,164020,nystatin,"OMEGAPHARM NYSTATIN ORAL DROPS nystatin 100,000IU/mL suspension bottle",nystatin,Cipla Australia Pty Ltd,4/08/2009,Oral Liquid,Oral Application ,19/08/2019,Active,nystatin,"100000, 100",,,,
1065,15228,nystatin,Nilstat Oral Capsules,nystatin,Aspen Pharma Pty Ltd,9/09/1991,"Capsule, hard",Oral ,31/07/2020,Active,nystatin,"500000, 500",,,,
1066,15227,nystatin,Nilstat Oral Tablets,nystatin,Aspen Pharma Pty Ltd,9/09/1991,"Tablet, film coated",Oral ,31/07/2020,Active,nystatin,"500000, 500",,,,
1067,15175,nystatin,NILSTAT ORAL TABLETS,nystatin,Aspen Pharma Pty Ltd,9/09/1991,"Tablet, film coated",Oral ,31/07/2020,Active,nystatin,"500000, 500",,,,
1068,15174,nystatin,NILSTAT ORAL CAPSULES,nystatin,Aspen Pharma Pty Ltd,9/09/1991,"Capsule, hard",Oral ,31/07/2020,Active,nystatin,"500000, 500",,,,
1095,48896,phenoxymethylpenicillin,CILICAINE V Oral Suspension 125mg/5mL,phenoxymethylpenicillin,Mylan Health Pty Ltd,2/05/1994,"Oral Liquid, suspension",Oral ,3/07/2002,Active,phenoxymethylpenicillin,"25.8mg/mL, 125mg/5mL",,,,
1096,43486,phenoxymethylpenicillin,CILICAINE V oral Suspension 250mg per 5mL,phenoxymethylpenicillin,Mylan Health Pty Ltd,25/03/1993,"Oral Liquid, suspension",Oral ,3/07/2002,Active,phenoxymethylpenicillin,"250mg/5mL, 51.5mg/mL",,,,
1140,23101,quinine,QUININE DIHYDROCHLORIDE 6% sterile concentrate (600 mg/10 mL) injection vial,quinine dihydrochloride,Phebra Pty Ltd,14/10/1991,"Injection, solution",Intravenous ,7/04/2021,Active,quinine dihydrochloride,"6, 60mg/mL",,,,
1149,48231,rifampicin,RIMYCIN 300 rifampicin 300 mg capsule bottle,rifampicin,Alphapharm Pty Ltd,10/03/1994,"Capsule, hard",Oral  u,5/03/2021,Active,rifampicin,"m, 300mgl, 300mg",,,,
1150,48230,rifampicin,RIMYCIN 150 rifampicin 150 mg capsule bottle,rifampicin,Alphapharm Pty Ltd,10/03/1994,"Capsule, hard",Oral  u,5/03/2021,Active,rifampicin,"150mg, 150mgl, m",,,,
1155,158301,ritonavir,NORVIR ritonavir 100 mg tablets bottle,ritonavir,Abbvie Pty Ltd,30/11/2009,"Tablet, film coated",Oral ,23/09/2020,Active,ritonavir,"100mg, .M",,,,
1158,159342,sulfadiazine,FLAMAZINE silver sulfadiazine 1.0% w/w cream tube,silver sulfadiazine,Smith & Nephew Pty Ltd,11/06/2010,Cream,Topical ,15/02/2021,Active,silver sulfadiazine,"10mg/g, 1.0",,,,
1159,159338,sulfadiazine,FLAMAZINE silver sulfadiazine 1.0% w/w cream jar,silver sulfadiazine,Smith & Nephew Pty Ltd,11/06/2010,Cream,Topical ,15/02/2021,Active,silver sulfadiazine,"10mg/g, 1.0",,,,
1160,315665,"sulfamethoxazole, trimethoprim",Sulfamethoxazole and Trimethoprim 400mg / 80mg tablet bottle,"sulfamethoxazole,trimethoprim",Alphapharm Pty Ltd,22/03/2019,Tablet,Oral ,22/03/2019,Active,sulfamethoxazole,400mg,trimethoprim,"80mg, 400mg",,
1161,17682,"sulfamethoxazole, trimethoprim",RESPRIM FORTE trimethoprim/sulfamethoxazole 160 mg/800 mg tablet blister pack,"sulfamethoxazole,trimethoprim",Alphapharm Pty Ltd,20/09/1991,"Tablet, uncoated",Oral ,10/12/2020,Active,sulfamethoxazole,"160mg/800, 800mg",trimethoprim,160mg,,
1162,17681,"sulfamethoxazole, trimethoprim",RESPRIM trimethoprim/sulfamethoxazole 80 mg/400 mg tablet blister pack,"sulfamethoxazole,trimethoprim",Alphapharm Pty Ltd,20/09/1991,"Tablet, uncoated",Oral ,10/12/2020,Active,sulfamethoxazole,"400mg, 80mg/400",trimethoprim,80mg,,
1163,16293,"sulfamethoxazole, trimethoprim",DBL SULFAMETHOXAZOLE 400 mg AND TRIMETHOPRIM 80 mg CONCENTRATE INJECTION BP 5mL injection ampoule,"sulfamethoxazole,trimethoprim",Pfizer Australia Pty Ltd,8/10/1991,"Injection, concentrated",Intravenous ,15/03/2021,Active,sulfamethoxazole,"80mg/mL, 400mg",trimethoprim,"80mg, 16mg/mL",,
1193,82903,valganciclovir,VALCYTE valganciclovir (as hydrochloride) 450 mg tablet bottle,valganciclovir,Roche Products Pty Ltd,17/06/2002,"Tablet, film coated",Oral ,7/10/2020,Active,valganciclovir,"450mg, 496.3mg",,,,
1216,62603,vancomycin,VANCOMYCIN vancomycin (as hydrochloride) 500mg powder for injection vial,vancomycin,Hospira Australia Pty Ltd,26/03/1998,"Injection, powder for",Intravenous ,8/12/2020,Active,vancomycin,"500mg, 500000, .",,,,
1217,62595,vancomycin,DBL VANCOMYCIN vancomycin (as hydrochloride) 1000 mg powder for injection vial,vancomycin,Hospira Australia Pty Ltd,26/03/1998,"Injection, powder for",Intravenous ,8/12/2020,Active,vancomycin,"1m, 1000mg",,,,
1218,41609,vancomycin,VANCOCIN CP 1g powder for injection,vancomycin,Aspen Pharmacare Australia Pty Ltd,18/11/1992,"Injection, powder for",Oral ,26/05/2015,Active,vancomycin,"1m, 1g",,,,
1226,14658,vancomycin,VANCOCIN CP 500mg powder for injection,vancomycin,Aspen Pharmacare Australia Pty Ltd,5/09/1991,"Injection, powder for",Intravenous ,26/05/2015,Active,vancomycin,"500mg, 500000",,,,
1237,293391,voriconazole,VORICONAZOLE PFS voriconazole 40 mg/mL powder for oral suspension bottle,voriconazole,Generic Partners Pty Ltd,22/03/2019,"Suspension, powder for",Oral ,22/03/2019,Active,voriconazole,"40mg/mL, 40mg",,,,
1238,293390,voriconazole,VORICONAZOLE PFS GenPar voriconazole 40 mg/mL powder for oral suspension bottle,voriconazole,Generic Partners Pty Ltd,22/03/2019,"Suspension, powder for",Oral ,22/03/2019,Active,voriconazole,"40mg/mL, 40mg",,,,
1239,293389,voriconazole,VZOLE PFS voriconazole 40 mg/mL powder for oral suspension bottle,voriconazole,Generic Partners Pty Ltd,22/03/2019,"Suspension, powder for",Oral ,22/03/2019,Active,voriconazole,"40mg/mL, 40mg",,,,
1240,293388,voriconazole,VORIZOLE PFS voriconazole 40 mg/mL powder for oral suspension bottle,voriconazole,Generic Partners Pty Ltd,22/03/2019,"Suspension, powder for",Oral ,22/03/2019,Active,voriconazole,"40mg/mL, 40mg",,,,
1241,293387,voriconazole,ZOLENS PFS voriconazole 40 mg/mL powder for oral suspension bottle,voriconazole,Generic Partners Pty Ltd,22/03/2019,"Suspension, powder for",Oral ,22/03/2019,Active,voriconazole,"40mg/mL, 40mg",,,,
1242,293386,voriconazole,VORICONAZOLE PFS GPPL voriconazole 40 mg/mL powder for oral suspension bottle,voriconazole,Generic Partners Pty Ltd,22/03/2019,"Suspension, powder for",Oral ,22/03/2019,Active,voriconazole,"40mg/mL, 40mg",,,,
1257,238270,voriconazole,VORICONAZOLE GH voriconazole 200 mg powder for injection vial,voriconazole,Neo Health (Australia) Pty Ltd,22/07/2016,"Injection, powder for",Intravenous ,28/10/2016,Active,voriconazole,"200mg, G",,,,
1258,238269,voriconazole,VORICONAZOLE GH voriconazole 200 mg film-coated tablets bottle,voriconazole,Generic Partners Pty Ltd,22/07/2016,"Tablet, film coated",Oral ,29/05/2020,Active,voriconazole,"200mg, G",,,,
1259,238268,voriconazole,VORICONAZOLE GH voriconazole 200 mg film-coated tablets blister pack,voriconazole,Generic Partners Pty Ltd,22/07/2016,"Tablet, film coated",Oral ,29/05/2020,Active,voriconazole,"200mg, G",,,,
1260,238267,voriconazole,VORICONAZOLE GH voriconazole 50 mg film-coated tablets bottle,voriconazole,Generic Partners Pty Ltd,22/07/2016,"Tablet, film coated",Oral ,29/05/2020,Active,voriconazole,"G, 50mg",,,,
1261,238266,voriconazole,VORICONAZOLE GH voriconazole 50 mg film-coated tablets blister pack,voriconazole,Generic Partners Pty Ltd,22/07/2016,"Tablet, film coated",Oral ,29/05/2020,Active,voriconazole,"G, 50mg",,,,
1272,238238,voriconazole,VORICONAZOLE GENPAR voriconazole 200 mg powder for injection vial,voriconazole,Neo Health (Australia) Pty Ltd,22/07/2016,"Injection, powder for",Intracranial ,28/10/2016,Active,voriconazole,"200mg, G",,,,
1273,238237,voriconazole,VORICONAZOLE GENPAR voriconazole 200 mg film-coated tablets blister pack,voriconazole,Generic Partners Pty Ltd,22/07/2016,"Tablet, film coated",Oral ,29/05/2020,Active,voriconazole,"200mg, G",,,,
1274,238236,voriconazole,VORICONAZOLE GENPAR voriconazole 200 mg film-coated tablets bottle,voriconazole,Generic Partners Pty Ltd,22/07/2016,"Tablet, film coated",Oral ,29/05/2020,Active,voriconazole,"200mg, G",,,,
1275,238235,voriconazole,VORICONAZOLE GENPAR voriconazole 50 mg film-coated tablets bottle,voriconazole,Generic Partners Pty Ltd,22/07/2016,"Tablet, film coated",Oral ,29/05/2020,Active,voriconazole,"G, 50mg",,,,
1276,238234,voriconazole,VORICONAZOLE GENPAR voriconazole 50 mg film-coated tablets blister pack,voriconazole,Generic Partners Pty Ltd,22/07/2016,"Tablet, film coated",Oral ,29/05/2020,Active,voriconazole,"G, 50mg",,,,
1277,238213,voriconazole,VORICONAZOLE GXP voriconazole 200 mg powder for injection vial,voriconazole,Neo Health (Australia) Pty Ltd,22/07/2016,"Injection, powder for",Intravenous ,28/10/2016,Active,voriconazole,"200mg, G",,,,
1278,238212,voriconazole,VORICONAZOLE GXP voriconazole 200 mg film-coated tablets blister pack,voriconazole,Generic Partners Pty Ltd,22/07/2016,"Tablet, film coated",Oral ,29/05/2020,Active,voriconazole,"200mg, G",,,,
1279,238211,voriconazole,VORICONAZOLE GXP voriconazole 200 mg film-coated tablets bottle,voriconazole,Generic Partners Pty Ltd,22/07/2016,"Tablet, film coated",Oral ,29/05/2020,Active,voriconazole,"200mg, G",,,,
1280,238210,voriconazole,VORICONAZOLE GXP voriconazole 50 mg film-coated tablets bottle,voriconazole,Generic Partners Pty Ltd,22/07/2016,"Tablet, film coated",Oral ,29/05/2020,Active,voriconazole,"G, 50mg",,,,
1281,238209,voriconazole,VORICONAZOLE GXP voriconazole 50 mg film-coated tablets blister pack,voriconazole,Generic Partners Pty Ltd,22/07/2016,"Tablet, film coated",Oral ,29/05/2020,Active,voriconazole,"G, 50mg",,,,
1282,238208,voriconazole,VORICONAZOLE GPPL voriconazole 200 mg powder for injection vial,voriconazole,Neo Health (Australia) Pty Ltd,22/07/2016,"Injection, powder for",Intracranial ,28/10/2016,Active,voriconazole,"200mg, G",,,,
1283,238112,voriconazole,VORICONAZOLE GPPL voriconazole 200 mg film-coated tablets bottle,voriconazole,Generic Partners Pty Ltd,22/07/2016,"Tablet, film coated",Oral ,29/05/2020,Active,voriconazole,"200mg, G",,,,
1284,238093,voriconazole,VORICONAZOLE GPPL voriconazole 200 mg film-coated tablets blister pack,voriconazole,Generic Partners Pty Ltd,22/07/2016,"Tablet, film coated",Oral ,29/05/2020,Active,voriconazole,"200mg, G",,,,
1285,238092,voriconazole,VORICONAZOLE GPPL voriconazole 50 mg film-coated tablets bottle,voriconazole,Generic Partners Pty Ltd,22/07/2016,"Tablet, film coated",Oral ,29/05/2020,Active,voriconazole,"G, 50mg",,,,
1286,238072,voriconazole,VORICONAZOLE GPPL voriconazole 50 mg film-coated tablets blister pack,voriconazole,Generic Partners Pty Ltd,22/07/2016,"Tablet, film coated",Oral ,29/05/2020,Active,voriconazole,"G, 50mg",,,,
1310,41043,zidovudine,RETROVIR syrup zidovudine 50mg/5mL bottle,zidovudine,ViiV Healthcare Pty Ltd,11/12/1992,"Oral Liquid, solution",Oral ,13/03/2020,Active,zidovudine,"50mg/5mL, 10mg/mL",,,,
